title,genre,publisher,avg_ratings,na_sales,pal_sales,jp_sales,other_sales,total_sales,release_date,release_year
""Grand Theft Auto V"",Action,""Rockstar Games"",9.4,26.19,28.14,1.66,8.32,64.29,2013-09-17,2013
""Call of Duty: Black Ops"",Shooter,""Activision"",8.3,17.65,9.45,0.59,3.31,30.99,2010-11-09,2010
""Call of Duty: Modern Warfare 3"",Shooter,""Activision"",7.5,15.57,11.26,0.62,3.26,30.71,2011-11-08,2011
""Call of Duty: Black Ops II"",Shooter,""Activision"",8.4,14.12,11.08,0.72,3.67,29.59,2012-11-13,2012
""Call of Duty: Ghosts"",Shooter,""Activision"",7.8,15.06,9.6,0.49,3.65,28.8,2013-11-05,2013
""Call of Duty: Black Ops 3"",Shooter,""Activision"",8.1,12.82,9.76,0.5,3.63,26.72,2015-11-06,2015
""Call of Duty: Modern Warfare 2"",Shooter,""Activision"",9.3,13.54,8.08,0.46,2.95,25.02,2009-11-10,2009
""Grand Theft Auto IV"",Action,""Rockstar Games"",9.7,11.6,7.64,0.58,2.72,22.53,2008-04-29,2008
""Call of Duty: Advanced Warfare"",Shooter,""Activision"",8.7,10.66,7.99,0.35,2.81,21.78,2014-11-04,2014
""The Elder Scrolls V: Skyrim"",Role-Playing,""Bethesda Softworks"",9,9.52,8.08,0.41,2.5,20.51,2011-11-10,2011
""Call of Duty: WWII"",Shooter,""Activision"",8.1,8.49,8.23,0.4,2.7,19.82,2017-11-03,2017
""Red Dead Redemption 2"",Action-Adventure,""Rockstar Games"",9.8,9.02,7.68,0.21,2.8,19.71,2018-10-26,2018
""Call of Duty 4: Modern Warfare"",Shooter,""Activision"",8.9,10.06,5.8,0.42,2.06,18.33,2007-11-05,2007
""FIFA 15"",Sports,""EA Sports"",7.4,3.19,12.45,0.15,2.21,18.03,2014-09-23,2014
""Battlefield 3"",Shooter,""Electronic Arts"",8.6,8.22,6.5,0.41,2.19,17.32,2011-10-25,2011
""FIFA 14"",Sports,""EA Sports"",NULL,2.88,12.14,0.21,2.09,17.31,2013-09-24,2013
""FIFA 17"",Sports,""Electronic Arts"",8.9,2.64,12.07,0.16,2.15,17.02,2016-09-27,2016
""FIFA 18"",Sports,""EA Sports"",7.5,2.71,11.78,0.29,2.13,16.92,2017-09-29,2017
""Guitar Hero III: Legends of Rock"",Misc,""RedOctane"",8.4,11.12,2.57,0.04,2.64,16.36,2007-10-28,2007
""Grand Theft Auto: Vice City"",Action,""Rockstar Games"",9.3,8.41,5.52,0.47,1.78,16.19,2002-10-28,2002
""Call of Duty: World at War"",Shooter,""Activision"",8.2,9.38,4.72,NULL,1.83,15.94,2008-11-10,2008
""FIFA 16"",Sports,""EA Sports"",8.7,3.16,10.56,0.12,1.99,15.82,2015-09-22,2015
""FIFA 13"",Sports,""EA Sports"",7,2.67,10.11,0.18,2.42,15.36,2012-09-25,2012
""LEGO Star Wars: The Complete Saga"",Action,""LucasArts"",7.9,8.95,4.82,NULL,1.57,15.33,2007-11-06,2007
""The Sims 3"",Simulation,""Electronic Arts"",7.5,4.31,9.55,0.05,1.29,15.2,2009-06-02,2009
""Battlefield 4"",Shooter,""Electronic Arts"",8.6,6.57,5.79,0.48,1.78,14.6,2013-10-29,2013
""Call of Duty: Black Ops IIII"",Shooter,""Activision"",NULL,7.37,4.47,0.5,1.96,14.3,2018-10-12,2018
""Call of Duty: Infinite Warfare"",Shooter,""Activision"",7.9,6.14,5.46,0.19,1.83,13.6,2016-11-04,2016
""LEGO Batman: The Videogame"",Adventure,""Warner Bros. Interactive"",7.6,7.67,3.95,NULL,1.91,13.55,2008-09-23,2008
""Fallout 4"",Role-Playing,""Bethesda Softworks"",8.7,5.85,5.59,0.29,1.79,13.51,2015-11-10,2015
""Battlefield 1"",Shooter,""Electronic Arts"",9.2,5.87,5.32,0.31,1.66,13.16,2016-10-21,2016
""Grand Theft Auto III"",Action,""Rockstar Games"",9.3,6.99,4.52,0.3,1.3,13.11,2001-10-23,2001
""Red Dead Redemption"",Action,""Rockstar Games"",9.5,6.59,4.61,0.26,1.6,13.07,2010-05-18,2010
""FIFA Soccer 12"",Sports,""EA Sports"",8.6,2.08,8.51,0.15,2.31,13.06,2011-09-27,2011
""Assassin's Creed III"",Action-Adventure,""Ubisoft"",8.4,6.25,5,0.19,1.63,13.06,2012-10-30,2012
""Star Wars Battlefront (2015)"",Shooter,""Electronic Arts"",7.2,5.93,4.78,0.25,1.72,12.67,2015-11-17,2015
""FIFA Soccer 11"",Sports,""EA Sports"",7.8,1.95,7.99,0.09,2.47,12.53,2010-09-28,2010
""FIFA 19"",Sports,""Electronic Arts"",5.9,1.58,8.93,0.16,1.56,12.22,2018-09-28,2018
""LEGO Indiana Jones: The Original Adventures"",Adventure,""LucasArts"",7.6,6.77,3.18,NULL,2.02,11.93,2008-06-03,2008
""Assassin's Creed II"",Action,""Ubisoft"",9,5.69,3.95,0.29,1.45,11.41,2009-11-17,2009
""Assassin's Creed IV: Black Flag"",Action-Adventure,""Ubisoft"",8.5,4.72,4.99,0.2,1.51,11.39,2013-10-29,2013
""Grand Theft Auto: Liberty City Stories"",Action,""Rockstar Games"",8.7,4.46,4.23,0.31,2.24,11.26,2005-10-25,2005
""Need for Speed Underground 2"",Racing,""Electronic Arts"",7.6,5.21,4.41,0.09,1.25,10.95,2004-11-09,2004
""Destiny"",Shooter,""Activision"",8.3,5.39,3.64,0.29,1.52,10.84,2014-09-09,2014
""FIFA Soccer 10"",Sports,""EA Sports"",8.5,1.96,6.22,0.07,2.48,10.72,2009-10-02,2009
""Need for Speed Underground"",Racing,""Electronic Arts"",8.6,5.26,3.98,0.09,1.14,10.46,2003-11-17,2003
""Assassin's Creed"",Action,""Ubisoft"",8.3,5.19,3.65,0.16,1.38,10.38,2007-11-13,2007
""Batman: Arkham City"",Action,""Warner Bros. Interactive"",9.4,5.71,3.17,0.15,1.26,10.29,2011-10-18,2011
""Star Wars: The Force Unleashed"",Action,""LucasArts"",7,5.28,2.9,0.01,1.88,10.07,2008-09-16,2008
""Guitar Hero: World Tour"",Misc,""Activision"",8.5,6.2,2.21,NULL,1.63,10.03,2008-10-26,2008
""Halo: Reach"",Shooter,""Microsoft Game Studios"",9.3,7.08,2.01,0.08,0.8,9.97,2010-09-14,2010
""Halo 4"",Shooter,""Microsoft Studios"",NULL,6.72,2.36,0.04,0.83,9.96,2012-11-06,2012
""Fallout 3"",Role-Playing,""Bethesda Softworks"",8.9,5.61,3.02,0.16,1.14,9.94,2008-10-28,2008
""Watch Dogs"",Action-Adventure,""Ubisoft"",NULL,3.86,4.37,0.22,1.27,9.7,2014-05-27,2014
""FIFA Soccer 08"",Sports,""EA Sports"",8.2,1.96,3.97,0.04,3.53,9.49,2007-10-08,2007
""Assassin's Creed: Revelations"",Action,""Ubisoft"",8.4,3.85,3.99,0.14,1.24,9.21,2011-11-15,2011
""Madden NFL 06"",Sports,""EA Sports"",8.4,7.68,0.46,0.02,0.86,9.03,2005-08-08,2005
""Just Dance 4"",Music,""Ubisoft"",NULL,5.42,2.65,NULL,0.85,8.93,2012-10-09,2012
""Medal of Honor: Frontline"",Shooter,""Electronic Arts"",8.5,4.39,3.3,0.17,1.07,8.91,2002-05-28,2002
""Resident Evil 5"",Action,""Capcom"",8.7,4.18,2.35,1.21,0.99,8.74,2009-03-13,2009
""Medal of Honor"",Shooter,""Electronic Arts"",7.8,4.5,3.16,0.11,0.85,8.62,1999-10-31,1999
""Far Cry 4"",Shooter,""Ubisoft"",8.5,3.02,4.23,0.22,1.09,8.55,2014-11-18,2014
""Need for Speed: ProStreet"",Racing,""Electronic Arts"",6.6,3.34,2.53,0.1,2.57,8.55,2007-11-13,2007
""Minecraft"",Misc,""Sony Computer Entertainment America"",NULL,2.43,3.59,1.25,1.26,8.52,2014-05-16,2014
""Pro Evolution Soccer 2008"",Sports,""Konami"",7.7,0.29,3.38,1.3,3.51,8.48,2007-10-26,2007
""Tony Hawk's Pro Skater"",Sports,""Activision"",8.7,6,2.16,0.03,0.28,8.46,1999-08-31,1999
""LEGO Harry Potter: Years 1-4"",Adventure,""Warner Bros. Interactive"",7.9,4.04,3.44,NULL,0.99,8.46,2010-06-29,2010
""NBA 2K16"",Sports,""2K Sports"",8.5,5.97,1.05,0.1,1.21,8.31,2015-09-29,2015
""Assassin's Creed: Unity"",Action,""Ubisoft"",NULL,3.79,3.37,0.09,1.03,8.28,2014-11-11,2014
""Overwatch"",Shooter,""Blizzard Entertainment"",9,3.84,3.12,0.17,1.05,8.18,2016-05-24,2016
""Madden NFL 08"",Sports,""EA Sports"",7.9,7.13,0.23,NULL,0.78,8.14,2007-08-14,2007
""Lego Marvel Super Heroes"",Action,""Warner Bros. Interactive Entertainment"",NULL,3.54,3.52,0.05,0.99,8.12,2013-10-22,2013
""Tony Hawk's Pro Skater 3"",Sports,""Activision"",8.8,5.16,2.29,0.03,0.58,8.05,2001-10-28,2001
""Need for Speed: Most Wanted"",Racing,""Electronic Arts"",8.6,4.44,2.81,0.1,0.68,8.03,2005-11-15,2005
""Mario & Sonic at the Olympic Winter Games"",Sports,""Sega"",7.2,3.08,3.6,0.49,0.85,8.01,2009-10-13,2009
""Batman: Arkham Asylum"",Action,""Eidos Interactive"",9.1,4.5,2.28,0.09,0.96,7.82,2009-08-25,2009
""Harry Potter and the Chamber of Secrets"",Adventure,""Electronic Arts"",7.2,3.66,3.18,0.11,0.68,7.64,2002-11-14,2002
""Madden NFL 2005"",Sports,""EA Sports"",9.4,6.85,0.53,0.01,0.21,7.6,2004-08-09,2004
""Namco Museum"",Misc,""Namco"",5.4,5.98,1.42,0.05,0.15,7.6,2000-06-25,2000
""Madden NFL 16"",Sports,""EA Sports"",8.2,6,0.48,NULL,1.13,7.59,2015-08-25,2015
""Madden NFL 10"",Sports,""EA Sports"",8.2,6.55,0.34,NULL,0.68,7.57,2009-08-13,2009
""Final Fantasy XIII"",Role-Playing,""Square Enix"",8,3.05,1.9,1.88,0.72,7.54,2010-03-09,2010
""Tomb Raider II"",Adventure,""Eidos Interactive"",7.9,3.21,3.71,0.2,0.41,7.53,1997-10-31,1997
""Call of Duty 3"",Shooter,""Activision"",7.8,4.15,2.42,0.05,0.91,7.52,2006-11-07,2006
""Tom Clancy's The Division"",Shooter,""Ubisoft"",NULL,3.29,3.04,0.16,0.97,7.44,2016-03-08,2016
""Madden NFL 15"",Sports,""EA Sports"",NULL,5.83,0.52,NULL,1.08,7.43,2014-08-26,2014
""WWE SmackDown vs Raw 2008"",Fighting,""THQ"",7.3,3.4,1.85,0.02,2.14,7.39,2007-11-13,2007
""Tom Clancy's Rainbow Six: Siege"",Shooter,""Ubisoft"",NULL,3.09,2.99,0.36,0.92,7.37,2015-12-01,2015
""Guitar Hero II"",Misc,""RedOctane"",9.2,5.82,0.65,NULL,0.85,7.33,2006-11-07,2006
""LEGO Star Wars III: The Clone Wars"",Action,""LucasArts"",7.2,3.84,2.71,NULL,0.76,7.33,2011-03-22,2011
""LEGO Star Wars II: The Original Trilogy"",Action,""LucasArts"",7.6,5.08,1.53,0.01,0.69,7.32,2006-09-12,2006
""FIFA Soccer 09"",Sports,""Electronic Arts"",8.5,1.48,3.29,0.06,2.49,7.32,2008-10-14,2008
""Rock Band"",Misc,""MTV Games"",8.6,4.96,1.36,NULL,0.98,7.28,2007-11-20,2007
""Street Fighter IV"",Fighting,""Capcom"",9.2,3.94,1.8,0.74,0.8,7.27,2009-02-17,2009
""NBA 2K14"",Sports,""2K Sports"",NULL,5.19,1,0.05,1.02,7.27,2013-10-01,2013
""LEGO Star Wars: The Video Game"",Action,""Eidos Interactive"",7.8,4.72,2.01,0.01,0.52,7.26,2005-03-29,2005
""NBA 2K15"",Sports,""2K Sports"",NULL,5.14,1.06,0.03,1.03,7.26,2014-10-07,2014
""Fallout: New Vegas"",Role-Playing,""Bethesda Softworks"",8.2,4.21,2.07,0.14,0.83,7.25,2010-10-19,2010
""Crash Bandicoot: The Wrath of Cortex"",Platform,""Universal Interactive"",6.4,3.12,2.98,0.24,0.91,7.24,2001-10-29,2001
""L.A. Noire"",Adventure,""Rockstar Games"",8.7,3.37,2.85,0.14,0.89,7.24,2011-05-17,2011
""Far Cry 3"",Shooter,""Ubisoft"",NULL,2.48,3.76,0.12,0.81,7.17,2012-12-04,2012
""Battlefield: Bad Company 2"",Shooter,""Electronic Arts"",8.9,3.63,2.65,0.12,0.77,7.16,2010-03-02,2010
""Madden NFL 2004"",Sports,""EA Sports"",9.4,5.9,0.46,0.01,0.78,7.14,2003-08-12,2003
""Madden NFL 09"",Sports,""EA Sports"",8,6.07,0.31,0,0.74,7.13,2008-08-12,2008
""Spider-Man: The Movie"",Action,""Activision"",7.8,4.64,2.06,0.04,0.32,7.07,2002-04-14,2002
""The Simpsons: Hit & Run"",Racing,""VU Games"",8,3.2,2.97,NULL,0.89,7.04,2003-09-16,2003
""The Simpsons Game"",Platform,""Electronic Arts"",6.8,2.52,2.56,NULL,1.96,7.04,2007-10-30,2007
""Assassin's Creed: Brotherhood"",Action,""Ubisoft"",9,4.9,1.3,0.14,0.64,6.97,2010-11-16,2010
""Borderlands 2"",Shooter,""2K Games"",NULL,3.71,2.23,0.15,0.87,6.95,2012-09-18,2012
""Just Dance 2014"",Music,""Ubisoft"",7.6,3.69,2.54,NULL,0.68,6.9,2013-10-08,2013
""PES 2009: Pro Evolution Soccer"",Sports,""Konami"",7.8,0.5,2.77,1,2.62,6.87,2008-10-17,2008
""Need for Speed: Undercover"",Racing,""Electronic Arts"",5.9,2.49,2.52,0.12,1.78,6.87,2008-11-17,2008
""Cars"",Racing,""THQ"",6.6,5.31,0.94,NULL,0.58,6.82,2006-06-06,2006
""Uncharted 2: Among Thieves"",Action,""Sony Computer Entertainment"",9.5,3.28,2.22,0.21,1.02,6.74,2009-10-13,2009
""Madden NFL 13"",Sports,""EA Sports"",7.4,5.61,0.4,NULL,0.74,6.74,2012-08-28,2012
""Medal of Honor: Rising Sun"",Shooter,""Electronic Arts"",6.2,3.07,2.68,0.13,0.86,6.72,2003-11-11,2003
""Madden NFL 11"",Sports,""EA Sports"",7.8,5.88,0.29,NULL,0.54,6.71,2010-08-10,2010
""Star Wars Battlefront II"",Shooter,""LucasArts"",7.7,4.48,1.61,0.04,0.55,6.66,2005-11-01,2005
""The Lord of the Rings: The Two Towers"",Action,""Electronic Arts"",8.3,3.33,2.5,0.08,0.75,6.65,2002-10-21,2002
""Destiny 2"",Shooter,""Activision"",NULL,3.67,1.96,0.1,0.93,6.65,2017-09-06,2017
""Tony Hawk's Pro Skater 2"",Sports,""Activision"",8.9,4.49,1.88,0.02,0.23,6.62,2000-09-20,2000
""Crash Bandicoot N. Sane Trilogy"",Platform,""Activision"",6,1.76,3.86,0.09,0.88,6.59,2017-06-30,2017
""Spider-Man 2"",Action,""Activision"",6.7,3.98,1.86,0.05,0.67,6.57,2004-06-28,2004
""Assassin's Creed Origins"",Action,""Ubisoft"",NULL,2.56,3.03,0.11,0.85,6.53,2017-10-27,2017
""Star Wars Battlefront II (2017)"",Shooter,""Electronic Arts"",NULL,2.87,2.6,0.12,0.9,6.5,2017-11-17,2017
""Tony Hawk's Underground"",Sports,""Activision"",8.8,4.11,1.84,0.01,0.5,6.47,2003-10-27,2003
""Madden NFL 17"",Sports,""EA Sports"",8.3,4.96,0.51,NULL,0.95,6.44,2016-08-23,2016
""Kung Fu Panda"",Platform,""Activision"",7.5,3.42,1.95,NULL,1.02,6.42,2008-06-03,2008
""Madden NFL 2002"",Sports,""EA Sports"",8.6,4.92,0.93,0.01,0.57,6.41,2001-08-13,2001
""LEGO Batman 2: DC Super Heroes"",Action-Adventure,""Warner Bros. Interactive Entertainment"",NULL,3.31,2.41,NULL,0.68,6.41,2012-06-19,2012
""FIFA 07 Soccer"",Sports,""EA Sports"",8,1.55,3.53,0.03,1.27,6.38,2006-10-03,2006
""Need for Speed Carbon"",Racing,""Electronic Arts"",7.6,3.54,2.12,0.12,0.58,6.38,2006-10-31,2006
""NBA 2K13"",Sports,""2K Sports"",8.6,4.8,0.76,0.06,0.72,6.35,2012-10-02,2012
""WWE SmackDown! vs. Raw 2006"",Fighting,""THQ"",8.2,3.38,2.14,0.04,0.77,6.34,2005-11-14,2005
""Minecraft"",Misc,""Sony Computer Entertainment"",9.4,1.89,3.13,0.35,0.96,6.33,2014-10-07,2014
""NBA 2K17"",Sports,""2K Sports"",8.9,4.4,0.91,0.05,0.93,6.28,2016-09-16,2016
""Driver"",Action,""GT Interactive"",8.5,3.11,2.8,0.02,0.33,6.27,1999-06-30,1999
""The Sims 4"",Simulation,""Electronic Arts"",7,2.06,3.56,0.01,0.59,6.22,2014-09-02,2014
""Final Fantasy XV"",Role-Playing,""Square Enix"",8.1,2.53,1.83,1.06,0.79,6.21,2016-11-29,2016
""Michael Jackson: The Experience"",Misc,""Ubisoft"",5.6,3.83,1.76,0.01,0.6,6.18,2010-11-23,2010
""Gran Turismo (PSP)"",Racing,""Sony Computer Entertainment"",7.8,0.94,2.5,0.62,2.02,6.09,2009-10-01,2009
""Grand Theft Auto: Vice City Stories"",Action,""Rockstar Games"",8.5,2.48,2.06,0.19,1.32,6.05,2006-10-31,2006
""NBA 2K18"",Sports,""2K Sports"",7.4,4.25,0.78,0.08,0.86,5.99,2017-09-19,2017
""Pro Evolution Soccer 2010"",Sports,""Konami"",7.3,0.73,2.64,0.87,1.73,5.98,2009-10-23,2009
""Toy Story 3: The Video Game"",Action,""Disney Interactive Studios"",7.5,2.71,2.49,0.02,0.73,5.96,2010-06-15,2010
""Tom Clancy's Splinter Cell"",Action,""Ubisoft"",9.3,3.18,2.2,NULL,0.54,5.9,2002-11-17,2002
""Madden NFL 2003"",Sports,""EA Sports"",9.2,4.8,0.48,0.01,0.61,5.89,2002-08-12,2002
""Need for Speed: Hot Pursuit"",Racing,""Electronic Arts"",8.2,2.37,2.64,0.03,0.8,5.84,2010-11-16,2010
""Far Cry 5"",Action,""Ubisoft"",7.1,2.58,2.27,0.15,0.79,5.8,2018-02-27,2018
""Borderlands"",Shooter,""2K Games"",8.3,3.66,1.47,0.03,0.62,5.77,2009-10-20,2009
""Tony Hawk's Pro Skater 4"",Sports,""Activision"",9.4,3.58,1.75,0.01,0.42,5.75,2002-10-23,2002
""Need for Speed: Most Wanted (2012)"",Racing,""Electronic Arts"",8.3,1.79,3.03,0.08,0.85,5.75,2012-10-30,2012
""Tekken 2"",Fighting,""Namco"",9.1,2.26,1.89,1.36,0.23,5.74,1996-08-25,1996
""Mass Effect 3"",Role-Playing,""Electronic Arts"",9.2,3.13,1.99,0.06,0.57,5.74,2012-03-06,2012
""Mortal Kombat (2011)"",Fighting,""Warner Bros. Interactive Entertainment"",8.6,4.04,1,NULL,0.7,5.73,2011-04-19,2011
""LEGO Jurassic World"",Action,""Warner Bros. Interactive Entertainment"",NULL,2.41,2.48,0.09,0.7,5.68,2015-06-12,2015
""Cooking Mama"",Simulation,""Majesco"",6.6,3.09,1.92,0.07,0.58,5.66,2006-09-12,2006
""Tomb Raider"",Action,""Eidos Interactive"",7.5,3.25,2.04,0.13,0.24,5.66,1996-11-14,1996
""Madden NFL 12"",Sports,""EA Sports"",7.5,4.98,0.26,NULL,0.39,5.64,2011-08-30,2011
""Saints Row: The Third"",Action,""THQ"",8.3,2.28,2.36,0.25,0.72,5.63,2011-11-15,2011
""Star Wars Battlefront"",Shooter,""LucasArts"",8.1,3.25,1.81,0.03,0.53,5.6,2004-09-20,2004
""NBA 2K12"",Sports,""2K Sports"",8.9,4.54,0.52,0.06,0.42,5.55,2011-10-04,2011
""Fight Night Round 3"",Fighting,""EA Sports"",7.7,3.93,1.09,0.02,0.51,5.55,2006-02-20,2006
""Winning Eleven: Pro Evolution Soccer 2007"",Sports,""Konami"",8.5,0.2,3.12,1.34,0.88,5.53,2007-02-06,2007
""Skylanders Giants"",Misc,""Activision"",NULL,2.99,1.96,NULL,0.59,5.52,2012-10-21,2012
""LEGO Pirates of the Caribbean: The Video Game"",Action,""Disney Interactive Studios"",7.1,2.42,2.43,NULL,0.65,5.51,2011-05-10,2011
""Forza Motorsport 3"",Racing,""Microsoft Game Studios"",9.2,2.99,1.9,0.1,0.51,5.5,2009-10-27,2009
""Sega Superstars Tennis"",Sports,""Sega"",6.8,2.55,2.08,NULL,0.84,5.47,2008-03-18,2008
""NBA 2K11"",Sports,""2K Sports"",8.8,4.65,0.35,0.04,0.42,5.45,2010-10-05,2010
""Minecraft"",Misc,""Microsoft Studios"",NULL,3.23,1.71,NULL,0.49,5.43,2013-06-04,2013
""Fable III"",Role-Playing,""Microsoft Game Studios"",7.4,3.7,1.26,0.05,0.42,5.43,2010-10-26,2010
""Skylanders: Spyro's Adventure"",Action,""Activision"",8,2.65,2.12,NULL,0.61,5.38,2011-10-16,2011
""Need for Speed: Shift"",Racing,""Electronic Arts"",8.2,1.58,2.79,0.06,0.96,5.37,2009-09-15,2009
""Hot Shots Golf"",Sports,""Sony Computer Entertainment"",NULL,0.55,0.37,4.26,0.18,5.35,1998-05-05,1998
""The LEGO Movie Videogame"",Action-Adventure,""Warner Bros. Interactive Entertainment"",6,2.35,2.24,0.12,0.61,5.35,2014-02-07,2014
""MySims"",Simulation,""Electronic Arts"",6.9,2.48,2.16,0.12,0.57,5.34,2007-09-18,2007
""Rock Band 2"",Misc,""MTV Games"",8.8,4.13,0.68,NULL,0.5,5.31,2008-09-14,2008
""Assassin's Creed Syndicate"",Action,""Ubisoft"",8.6,1.76,2.76,0.08,0.69,5.3,2015-10-23,2015
""Mortal Kombat X"",Fighting,""Warner Bros. Interactive Entertainment"",NULL,3.29,1.21,NULL,0.79,5.28,2015-04-07,2015
""The Incredibles"",Action,""THQ"",6.1,2.76,2.02,0.08,0.42,5.27,2004-10-26,2004
""Dragon Age: Inquisition"",Role-Playing,""Electronic Arts"",8.6,2.71,1.7,0.14,0.68,5.25,2014-11-18,2014
""True Crime: Streets of LA"",Action,""Activision"",8.1,3.29,1.53,0.02,0.38,5.21,2003-11-03,2003
""Need for Speed Rivals"",Racing,""Electronic Arts"",NULL,1.95,2.46,0.09,0.7,5.2,2013-11-15,2013
""The Elder Scrolls V: Skyrim Special Edition"",Role-Playing,""Bethesda Softworks"",8.2,2.37,2.03,0.08,0.71,5.19,2016-10-28,2016
""Doom (2016)"",Shooter,""Bethesda Softworks"",8.2,2.04,2.44,0.05,0.66,5.18,2016-05-13,2016
""LEGO Indiana Jones 2: The Adventure Continues"",Adventure,""LucasArts"",6.5,2.87,1.69,NULL,0.62,5.16,2009-11-17,2009
""James Bond 007: Agent Under Fire"",Shooter,""Electronic Arts"",7.5,3.11,1.5,0.1,0.46,5.15,2001-11-13,2001
""WWE SmackDown vs. Raw 2010"",Fighting,""THQ"",8,2.66,1.39,0.02,1.08,5.15,2009-10-20,2009
""FIFA Soccer 06"",Sports,""EA Sports"",8,1.27,2.96,0.04,0.86,5.13,2005-10-04,2005
""Microsoft Flight Simulator"",Simulation,""Microsoft"",7,3.22,1.69,NULL,0.2,5.12,1982-11-01,1982
""The Lord of the Rings: The Return of the King"",Action,""Electronic Arts"",8.6,2.74,1.8,0.05,0.53,5.11,2003-10-31,2003
""Mario & Sonic at the Olympic Games"",Sports,""Sega"",7.1,1.63,2.46,0.44,0.57,5.1,2007-11-06,2007
""Resident Evil 6"",Action,""Capcom"",NULL,2,1.58,0.95,0.55,5.09,2012-10-02,2012
""Titanfall"",Shooter,""Electronic Arts"",NULL,3,1.57,0.06,0.46,5.08,2014-03-11,2014
""James Bond 007: Nightfire"",Shooter,""Electronic Arts"",7.6,2.73,1.71,0.12,0.51,5.06,2002-11-18,2002
""Warzone 2100"",Strategy,""Eidos Interactive"",NULL,2.79,1.89,NULL,0.33,5.01,1999-05-31,1999
""The Sims: Bustin' Out"",Simulation,""Electronic Arts"",7.6,2.83,1.88,NULL,0.29,4.98,2003-12-02,2003
""Uncharted: Drake's Fortune"",Action,""Sony Computer Entertainment"",8.7,2.32,1.73,0.12,0.8,4.97,2007-11-16,2007
""Mass Effect 2"",Role-Playing,""Electronic Arts"",9.4,2.78,1.59,0.06,0.5,4.95,2010-01-26,2010
""Wall-E"",Platform,""THQ"",6.8,1.88,1.92,0,1.11,4.92,2008-06-24,2008
""The Simpsons: Road Rage"",Racing,""Electronic Arts"",6,2.99,1.48,NULL,0.44,4.9,2001-11-24,2001
""Midnight Club: Los Angeles"",Racing,""Rockstar Games"",8.2,3.31,0.99,0.06,0.55,4.9,2008-10-20,2008
""Guitar Hero 5"",Misc,""Activision"",8.9,2.38,1.54,NULL,0.97,4.9,2009-09-01,2009
""FIFA Soccer 2005"",Sports,""EA Sports"",8.2,1.08,3.13,0.04,0.63,4.89,2004-10-09,2004
""Enter the Matrix"",Action,""Atari"",6.5,2.84,1.64,0.12,0.24,4.83,2003-05-14,2003
""Crash Team Racing"",Racing,""Sony Computer Entertainment"",9.2,2.57,1.57,0.44,0.21,4.79,1999-09-30,1999
""Saints Row 2"",Action,""THQ"",7.7,2.86,1.36,0.04,0.53,4.79,2008-10-14,2008
""Tom Clancy's Ghost Recon Wildlands"",Shooter,""Ubisoft"",7.4,2.05,1.87,0.22,0.62,4.77,2017-03-07,2017
""Skate 3"",Sports,""EA Sports"",8.3,2.26,1.92,NULL,0.57,4.74,2010-05-11,2010
""Driver 2"",Action,""Atari"",7,2.36,2.1,0.02,0.25,4.73,2000-11-13,2000
""Dragon Age: Origins"",Role-Playing,""Electronic Arts"",8.8,2.72,1.43,0.11,0.47,4.73,2009-11-03,2009
""The Elder Scrolls IV: Oblivion"",Role-Playing,""Take-Two Interactive"",9.2,2.9,1.24,0.13,0.45,4.72,2009-07-07,2009
""Watch Dogs 2"",Action,""Ubisoft"",NULL,1.69,2.27,0.12,0.64,4.71,2016-11-15,2016
""WWF War Zone"",Fighting,""Acclaim Entertainment"",NULL,3.55,1,NULL,0.15,4.69,1998-01-01,1998
""Grand Theft Auto: Episodes from Liberty City"",Adventure,""Rockstar Games"",9,1.7,2.21,0.16,0.61,4.69,2009-10-29,2009
""Just Dance 2015"",Music,""Ubisoft"",8.1,2.54,1.67,NULL,0.48,4.68,2014-10-21,2014
""NBA 2K19"",Sports,""2K Sports"",NULL,3.4,0.54,0.04,0.68,4.67,2018-09-11,2018
""Dead Island"",Action,""Deep Silver"",6.9,2.56,1.44,0.15,0.53,4.67,2011-09-06,2011
""Assassin's Creed Odyssey"",Action-Adventure,""Ubisoft"",9.5,2.09,1.81,0.09,0.64,4.63,2018-10-05,2018
""Batman: Arkham Origins"",Action-Adventure,""Warner Bros. Interactive Entertainment"",NULL,2.42,1.56,0.04,0.6,4.62,2013-10-25,2013
""Forza Motorsport 4"",Racing,""Microsoft Studios"",9.1,2.08,1.98,0.06,0.49,4.6,2011-10-11,2011
""Namco Museum: 50th Anniversary"",Misc,""Namco"",NULL,2.52,1.48,NULL,0.56,4.57,2005-08-30,2005
""Star Wars Episode III: Revenge of the Sith"",Action,""LucasArts"",NULL,2.29,1.77,0.03,0.47,4.56,2005-05-04,2005
""Max Payne"",Shooter,""Rockstar Games"",8.4,2.97,1.24,0.05,0.27,4.53,2001-07-23,2001
""Madden NFL 18"",Sports,""EA Sports"",8.5,3.36,0.49,NULL,0.67,4.53,2017-08-25,2017
""World Soccer Winning Eleven 9"",Sports,""Konami"",8.9,0.18,2.59,0.92,0.8,4.5,2006-02-07,2006
""Call of Duty: Finest Hour"",Shooter,""Activision"",7.7,2.6,1.6,0.01,0.29,4.5,2004-11-16,2004
""Pro Evolution Soccer 2011"",Sports,""Konami"",6,0.54,2.28,0.91,0.78,4.5,2010-10-05,2010
""Ben 10: Protector of Earth"",Action,""D3 Publisher"",NULL,1.54,1.68,NULL,1.24,4.49,2007-10-30,2007
""Marvel: Ultimate Alliance"",Role-Playing,""Activision"",7.3,4.01,0.08,NULL,0.39,4.48,2006-10-24,2006
""Rayman Legends"",Platform,""Ubisoft"",7,1.17,2.76,0.03,0.52,4.48,2013-09-03,2013
""Skylanders SWAP Force"",Platform,""Activision"",7.7,2.62,1.41,NULL,0.4,4.43,2013-10-13,2013
""Lego Batman 3: Beyond Gotham"",Action,""Warner Bros. Interactive Entertainment"",7.4,1.9,1.98,NULL,0.57,4.43,2014-11-11,2014
""SpongeBob SquarePants: Battle for Bikini Bottom"",Platform,""THQ"",6.6,3.15,1.07,NULL,0.21,4.42,2003-10-31,2003
""Tomb Raider (2013)"",Action,""Square Enix"",8.7,1.46,2.32,0.09,0.54,4.41,2013-03-05,2013
""LEGO Harry Potter: Years 5-7"",Action,""Warner Bros. Interactive"",9,2.08,1.83,NULL,0.52,4.41,2011-11-11,2011
""Ratatouille"",Platform,""THQ"",6.2,2.03,1.36,NULL,0.99,4.41,2007-06-26,2007
""Midnight Club 3: DUB Edition"",Racing,""Rockstar Games"",7.2,2.26,1.32,NULL,0.82,4.4,2005-04-11,2005
""FIFA Soccer 2004"",Sports,""EA Sports"",7.8,0.92,2.87,0.04,0.56,4.4,2003-11-04,2003
""The Sims 2"",Simulation,""Electronic Arts"",7.6,2.72,1.1,NULL,0.57,4.39,2004-09-14,2004
""Asteroids"",Shooter,""Atari"",NULL,4,0.26,NULL,0.05,4.31,1981-01-01,1981
""Battlefield: Hardline"",Shooter,""Electronic Arts"",NULL,1.78,1.75,0.23,0.54,4.29,2015-03-17,2015
""Guitar Hero: Aerosmith"",Misc,""Activision"",NULL,3.37,0.42,0,0.49,4.29,2008-06-29,2008
""Hitman 2: Silent Assassin"",Action,""Eidos Interactive"",8.3,2.22,1.56,0.04,0.46,4.28,2002-09-30,2002
""Destiny: The Taken King"",Shooter,""Activision"",NULL,2.37,1.23,0.08,0.59,4.28,2015-09-15,2015
""BioShock"",Shooter,""2K Games"",9.5,2.4,1.33,0.06,0.49,4.27,2007-08-21,2007
""Disney Infinity"",Misc,""Disney Interactive Studios"",NULL,2.64,1.13,NULL,0.49,4.26,2013-08-18,2013
""ESPN NFL 2K5"",Sports,""Sega"",NULL,3.69,0.14,NULL,0.43,4.25,2004-07-20,2004
""LEGO Dimensions"",Action,""Warner Bros. Interactive Entertainment"",NULL,2.07,1.62,NULL,0.54,4.23,2015-09-27,2015
""Disney Infinity 2.0: Marvel Super Heroes"",Action-Adventure,""Disney Interactive Studios"",8,2.32,1.36,NULL,0.54,4.23,2014-09-23,2014
""Rockstar Games Double Pack: Grand Theft Auto III & Grand Theft Auto Vice City"",Action,""Rockstar Games"",9.8,2.69,1.22,NULL,0.31,4.21,2003-10-21,2003
""Need for Speed: The Run"",Racing,""Electronic Arts"",5.9,1.5,2.05,0.04,0.63,4.21,2011-11-15,2011
""Teenage Mutant Ninja Turtles"",Platform,""Ultra Games"",5.9,3.38,0.44,0.31,0.04,4.17,1989-06-01,1989
""Frogger"",Action,""Hasbro Interactive"",NULL,3.79,0.27,NULL,0.11,4.16,1997-09-30,1997
""Tomb Raider III: Adventures of Lara Croft"",Adventure,""Eidos Interactive"",7.8,2.25,1.61,0.12,0.18,4.16,1998-11-21,1998
""FIFA Soccer 2003"",Sports,""EA Sports"",6.9,0.76,2.71,0.05,0.65,4.16,2002-11-02,2002
""Sonic Generations"",Platform,""Sega"",7.4,1.77,1.85,0.03,0.48,4.15,2011-11-01,2011
""The Beatles: Rock Band"",Misc,""MTV Games"",8.9,2.81,0.91,NULL,0.41,4.14,2009-09-09,2009
""Call of Duty 2: Big Red One"",Shooter,""Activision"",8,2.39,1.39,0.01,0.32,4.12,2005-11-01,2005
""Madden NFL 25"",Sports,""EA Sports"",7.4,3.35,0.28,NULL,0.51,4.12,2013-08-27,2013
""Batman: Arkham Knight"",Action,""Warner Bros. Interactive"",8.1,1.65,1.68,0.11,0.66,4.11,2015-06-23,2015
""Monopoly"",Misc,""Hasbro Interactive"",NULL,2.84,1.12,NULL,0.15,4.11,1995-01-01,1995
""Tony Hawk's Underground 2"",Sports,""Activision"",8.6,2.46,1.33,0.01,0.31,4.11,2004-10-04,2004
""Carnival Games"",Misc,""Global Star Software"",4.2,2.12,1.47,0.05,0.42,4.06,2007-08-28,2007
""Forza Motorsport 2"",Racing,""Microsoft Game Studios"",9.1,2.35,1.27,0.03,0.41,4.05,2007-05-29,2007
""Namco Museum Vol.3"",Misc,""Namco"",NULL,2.28,1.55,0.16,0.06,4.05,1997-01-31,1997
""Tekken Tag Tournament"",Fighting,""Namco"",8.7,1.68,1.51,0.51,0.35,4.05,2000-10-25,2000
""Ratchet & Clank: Size Matters"",Platform,""Sony Computer Entertainment"",8.5,1.53,1.5,0.13,0.89,4.04,2007-02-13,2007
""Mortal Kombat vs DC Universe"",Fighting,""Midway Games"",7.6,3.1,0.52,NULL,0.43,4.04,2008-11-16,2008
""Rugrats in Paris: The Movie"",Action,""THQ"",NULL,2.36,1.42,NULL,0.24,4.02,2000-10-29,2000
""Tetris Worlds"",Puzzle,""THQ"",4.6,2.53,1.14,NULL,0.34,4.01,2001-09-05,2001
""Burnout 3: Takedown"",Racing,""Electronic Arts"",9.3,2.07,1.54,NULL,0.38,3.99,2004-09-07,2004
""Dead Space"",Shooter,""Electronic Arts"",8.9,1.94,1.59,NULL,0.48,3.99,2008-10-13,2008
""Mafia III"",Action-Adventure,""2K Games"",6.7,1.26,2.15,0.04,0.53,3.98,2016-10-07,2016
""Far Cry: Primal"",Action-Adventure,""Ubisoft"",7.7,1.21,2.18,0.07,0.52,3.98,2016-02-23,2016
""Star Wars: The Force Unleashed II"",Action,""LucasArts"",6.1,2.48,1.09,NULL,0.41,3.98,2010-10-26,2010
""Tom Clancy's Ghost Recon"",Shooter,""Ubisoft"",NULL,2.86,0.9,NULL,0.2,3.97,2001-11-13,2001
""The Sims 2: Pets"",Simulation,""Electronic Arts"",5.8,1.76,1.43,NULL,0.76,3.95,2006-10-17,2006
""Tom Clancy's Rainbow Six: Vegas"",Shooter,""Ubisoft"",7.3,1.98,1.38,0.05,0.55,3.95,2006-11-20,2006
""World Soccer Winning Eleven 8 International"",Sports,""Konami"",9.3,0.23,1.91,1.12,0.68,3.94,2005-02-01,2005
""NBA Live 2005"",Sports,""EA Sports"",8.5,3.19,0.35,NULL,0.4,3.94,2004-09-28,2004
""Harry Potter and the Sorcerer's Stone"",Action,""Electronic Arts"",7.3,2.07,1.47,0.18,0.2,3.91,2001-11-15,2001
""Sports Champions"",Sports,""Sony Computer Entertainment"",7.6,2.15,1.13,0.1,0.5,3.88,2010-09-17,2010
""Metal Gear Solid V: The Phantom Pain"",Action,""Konami Digital Entertainment"",NULL,1.46,1.4,0.52,0.49,3.87,2015-09-01,2015
""Battlefield V"",Shooter,""Electronic Arts"",NULL,1.85,1.37,0.16,0.5,3.87,2018-11-20,2018
""Diablo III: Ultimate Evil Edition"",Role-Playing,""Blizzard Entertainment"",NULL,1.45,1.8,0.08,0.53,3.86,2014-08-19,2014
""Namco Museum Vol.1"",Misc,""Namco"",NULL,2.12,1.44,0.22,0.06,3.84,1996-07-31,1996
""Sonic's Ultimate Genesis Collection"",Misc,""Sega"",8.1,2.29,1.08,NULL,0.47,3.84,2009-02-10,2009
""Rocksmith 2014"",Music,""Ubisoft"",8.9,2.37,0.91,0.05,0.49,3.84,2013-10-22,2013
""UFC 2009 Undisputed"",Fighting,""THQ"",8.4,2.55,0.84,0.01,0.43,3.83,2009-05-19,2009
""Madden NFL 2001"",Sports,""EA Sports"",NULL,3.37,0.15,0.05,0.25,3.81,2000-08-22,2000
""Rocket League"",Sports,""505 Games"",8.6,1.1,2.25,NULL,0.45,3.8,2016-07-05,2016
""Minecraft: Story Mode"",Adventure,""Mojang"",NULL,1.8,1.54,NULL,0.48,3.8,2015-10-27,2015
""Portal 2"",Shooter,""Valve"",9.6,2.24,1.11,0.03,0.41,3.79,2011-04-19,2011
""BioShock Infinite"",Shooter,""2K Games"",9.5,1.96,1.29,0.06,0.48,3.79,2013-03-26,2013
""Tom Clancy's Rainbow Six: Vegas 2"",Shooter,""Ubisoft"",8.2,2.22,1.08,0.06,0.43,3.78,2008-03-18,2008
""The Sims: Unleashed"",Simulation,""Electronic Arts"",7.3,2.03,1.56,NULL,0.17,3.76,2002-09-23,2002
""Hitman: Absolution"",Action,""Square Enix"",9,1.27,1.96,0.08,0.45,3.76,2012-11-20,2012
""Mortal Kombat Trilogy"",Fighting,""Midway Games"",NULL,2.7,0.92,NULL,0.13,3.75,1996-09-01,1996
""BioShock 2"",Shooter,""2K Games"",8.5,2.3,1,0.04,0.42,3.75,2010-02-09,2010
""WWE SmackDown vs. RAW 2007"",Fighting,""THQ"",7.9,2.17,1.11,0.03,0.44,3.74,2006-11-14,2006
""Madden NFL 07"",Sports,""EA Sports"",8,3.38,0.2,0.01,0.19,3.74,2006-08-22,2006
""Need for Speed: Hot Pursuit 2"",Racing,""Electronic Arts"",7.8,3.04,0.51,0.02,0.14,3.73,2002-10-01,2002
""Madden NFL 19"",Sports,""EA Sports"",NULL,2.96,0.2,NULL,0.57,3.72,2018-08-10,2018
""007: Quantum of Solace"",Shooter,""Activision"",6.6,1.71,1.3,0.04,0.66,3.7,2008-11-04,2008
""LEGO The Lord of the Rings"",Misc,""Warner Bros. Interactive Entertainment"",NULL,1.58,1.68,NULL,0.42,3.69,2012-10-30,2012
""The Sims"",Simulation,""Electronic Arts"",NULL,2.07,1.35,NULL,0.26,3.68,2000-02-04,2000
""Spider-Man"",Action,""Activision"",8.4,2.13,1.34,0.02,0.17,3.66,2000-08-30,2000
""SOCOM: U.S. Navy SEALs"",Shooter,""Sony Computer Entertainment"",8,2.53,0.81,0.06,0.24,3.65,2002-08-27,2002
""Jak and Daxter: The Precursor Legacy"",Platform,""Sony Computer Entertainment"",9,2.08,1.09,0.15,0.33,3.64,2001-12-04,2001
""SimCity 2000"",Simulation,""Maxis"",8,1.88,1.3,0.28,0.18,3.64,1993-01-01,1993
""Finding Nemo"",Action,""THQ"",NULL,2.43,0.94,0.05,0.22,3.64,2003-05-05,2003
""Prince of Persia: The Sands of Time"",Adventure,""Ubisoft"",9,1.81,1.46,NULL,0.36,3.63,2003-10-30,2003
""Pro Evolution Soccer 2012"",Sports,""Konami"",7.4,0.63,1.58,0.93,0.49,3.63,2011-09-27,2011
""High School Musical: Sing It!"",Misc,""Disney Interactive Studios"",6.4,1.62,0.53,NULL,1.49,3.63,2007-10-30,2007
""WWE SmackDown vs. Raw 2009"",Fighting,""THQ"",8,2.08,1.09,0.01,0.43,3.62,2008-11-09,2008
""Doom II"",Shooter,""GT Interactive"",9.3,2.05,1.4,NULL,0.16,3.61,1994-09-30,1994
""WWF SmackDown!"",Fighting,""THQ"",9,2.01,1.35,0.06,0.16,3.58,2000-03-01,2000
""Cooking Mama 2: Dinner With Friends"",Simulation,""Majesco"",6.9,1.6,1.49,0.1,0.39,3.58,2007-11-13,2007
""The Getaway"",Action,""Sony Computer Entertainment"",7.7,1.23,1.77,0.05,0.49,3.54,2003-01-19,2003
""James Bond 007: Everything or Nothing"",Shooter,""Electronic Arts"",7.2,1.72,1.37,0.09,0.35,3.54,2003-11-17,2003
""Skylanders: Trap Team"",Platform,""Activision"",NULL,1.83,1.28,NULL,0.41,3.53,2014-10-05,2014
""Monopoly"",Misc,""Electronic Arts"",NULL,1.81,1.34,0,0.36,3.52,2008-10-20,2008
""Iron Man"",Action,""Sega"",5.3,2.06,0.92,NULL,0.56,3.52,2008-05-02,2008
""Need for Speed (2015)"",Racing,""Electronic Arts"",6.8,0.94,2.04,0.06,0.47,3.51,2015-11-03,2015
""Cars 2"",Racing,""Disney Interactive Studios"",7.4,1.92,1.17,0.04,0.4,3.51,2011-06-21,2011
""WWE SmackDown vs. Raw 2011"",Fighting,""THQ"",7.1,1.63,1.32,0.01,0.54,3.51,2010-10-26,2010
""Max Payne 3"",Shooter,""Rockstar Games"",9,1.45,1.55,0.07,0.4,3.49,2012-05-15,2012
""Guitar Hero: On Tour"",Misc,""Activision"",7.1,2.1,1.01,0.01,0.35,3.46,2008-06-22,2008
""Mortal Kombat: Deadly Alliance"",Fighting,""Midway Games"",8.2,2.59,0.67,NULL,0.19,3.46,2002-11-16,2002
""Sonic & SEGA All-Stars Racing"",Racing,""Sega"",8.1,1.4,1.64,NULL,0.42,3.46,2010-02-23,2010
""Far Cry 2"",Shooter,""Ubisoft"",8.4,1.16,1.83,0.03,0.46,3.45,2008-10-21,2008
""Deus Ex: Human Revolution"",Shooter,""Square Enix"",8.7,1.57,1.38,0.09,0.43,3.45,2011-08-23,2011
""Tekken 4"",Fighting,""Namco"",7.9,1.55,1.27,0.33,0.29,3.44,2002-09-23,2002
""Halo: The Master Chief Collection"",Shooter,""Microsoft Studios"",8.8,2.06,1.04,0.03,0.31,3.44,2014-11-11,2014
""Madagascar"",Platform,""Activision"",6.4,2.38,0.91,NULL,0.15,3.44,2005-05-23,2005
""James Cameron's Avatar: The Game"",Action,""Ubisoft"",5.7,1.38,1.57,NULL,0.48,3.44,2009-12-01,2009
""LittleBigPlanet 2"",Platform,""Sony Computer Entertainment"",9.1,1.83,1.07,0.06,0.47,3.43,2011-01-18,2011
""The Elder Scrolls Online: Tamriel Unlimited"",MMO,""Bethesda Softworks"",NULL,1.6,1.37,NULL,0.46,3.43,2015-06-09,2015
""Shrek 2"",Platform,""Activision"",6.4,2.25,1.08,0.04,0.07,3.43,2004-04-28,2004
""Crysis 2"",Shooter,""Electronic Arts"",8.7,1.37,1.52,0.08,0.47,3.43,2011-03-22,2011
""Grand Theft Auto 2"",Action,""Rockstar Games"",6.9,1.13,2.07,NULL,0.22,3.42,1999-10-25,1999
""Spider-Man 3"",Platform,""Activision"",6,2.35,0.64,0.03,0.41,3.41,2007-05-04,2007
""Crash Bash"",Misc,""Sony Computer Entertainment"",6.8,1.56,1.47,0.19,0.17,3.39,2000-11-06,2000
""Final Fantasy XIII-2"",Role-Playing,""Square Enix"",8.1,1.14,1.04,0.91,0.29,3.39,2012-01-31,2012
""Peter Jackson's King Kong: The Official Game of the Movie"",Action,""Ubisoft"",7,1.72,1.28,NULL,0.39,3.39,2005-11-21,2005
""Gears of War 4"",Shooter,""Microsoft Studios"",NULL,2.17,0.9,NULL,0.32,3.38,2016-10-11,2016
""Band Hero"",Misc,""Activision"",7,1.88,0.98,NULL,0.53,3.38,2009-11-03,2009
""Pure"",Racing,""Disney Interactive Studios"",7.4,1.8,1.17,0,0.39,3.36,2008-09-16,2008
""X-Men Legends"",Role-Playing,""Activision"",8.5,2.03,1.07,NULL,0.26,3.36,2004-09-21,2004
""Just Cause 2"",Action,""Square Enix"",8.2,1.04,1.75,0.08,0.49,3.35,2010-03-23,2010
""Transformers: The Game"",Action,""Activision"",4.8,2.19,0.74,0.01,0.41,3.34,2007-06-19,2007
""Ghostbusters: The Video Game"",Action,""Atari"",7.2,1.91,0.88,NULL,0.57,3.34,2009-06-16,2009
""Burnout Paradise"",Racing,""Electronic Arts"",9,1.64,1.2,0.03,0.42,3.3,2008-01-22,2008
""Titanfall 2"",Shooter,""Electronic Arts"",8.9,1.69,1.11,0.06,0.42,3.29,2016-10-28,2016
""Rage"",Shooter,""Bethesda Softworks"",7.9,1.43,1.37,0.09,0.4,3.29,2011-10-04,2011
""Dishonored"",Shooter,""Bethesda Softworks"",NULL,1.78,1.04,0.05,0.41,3.27,2013-04-16,2013
""Dead Space 2"",Shooter,""Electronic Arts"",9,1.8,1.08,NULL,0.38,3.27,2011-01-25,2011
""Middle-Earth: Shadow of War"",Action,""Warner Bros. Interactive Entertainment"",NULL,1.6,1.17,0.06,0.45,3.26,2017-10-10,2017
""The SpongeBob SquarePants Movie"",Platform,""THQ"",6.5,2.19,0.85,NULL,0.21,3.24,2004-10-27,2004
""Tomb Raider: Underworld"",Adventure,""Eidos Interactive"",7.4,1.35,1.37,0.06,0.44,3.23,2008-11-18,2008
""Harry Potter and the Half-Blood Prince"",Action,""Electronic Arts"",6,1.12,1.29,0,0.8,3.22,2009-06-30,2009
""007: Tomorrow Never Dies"",Shooter,""Electronic Arts"",6.2,1.72,1.33,NULL,0.16,3.21,1999-11-16,1999
""NBA Street"",Sports,""EA Sports BIG"",NULL,2.52,0.31,NULL,0.39,3.21,2001-06-18,2001
""Saints Row IV"",Action,""Deep Silver"",NULL,1.7,1.02,0.1,0.38,3.21,2013-08-20,2013
""WWE 2K15"",Sports,""2K Sports"",NULL,1.47,1.3,NULL,0.43,3.21,2014-10-28,2014
""WWF SmackDown! 2: Know Your Role"",Fighting,""THQ"",8.7,1.76,1.21,0.07,0.16,3.2,2000-11-21,2000
""Wolfenstein: The New Order"",Shooter,""Bethesda Softworks"",NULL,1.19,1.53,0.05,0.41,3.2,2014-05-20,2014
""Plants vs Zombies: Garden Warfare"",Shooter,""Electronic Arts"",7.8,1.39,1.39,0.02,0.37,3.18,2014-02-25,2014
""NBA Street Vol. 2"",Sports,""EA Sports BIG"",8.8,2.72,0.35,NULL,0.09,3.17,2003-04-28,2003
""Just Cause 3"",Action-Adventure,""Square Enix"",7.4,1.08,1.6,0.09,0.4,3.15,2015-12-01,2015
""Lego Star Wars: The Force Awakens"",Action-Adventure,""Warner Bros. Interactive Entertainment"",NULL,0.88,1.78,0.08,0.38,3.15,2016-06-28,2016
""Club Penguin: Elite Penguin Force"",Adventure,""Disney Interactive Studios"",7,1.87,0.97,NULL,0.3,3.14,2008-11-25,2008
""The Elder Scrolls IV: Oblivion"",Role-Playing,""Bethesda Softworks"",9.3,1.69,0.86,0.14,0.44,3.12,2006-03-20,2006
""Need for Speed III: Hot Pursuit"",Racing,""Electronic Arts"",NULL,2.14,0.86,NULL,0.13,3.12,1998-03-25,1998
""The Urbz: Sims in the City"",Simulation,""Electronic Arts"",7.6,1.35,1.42,NULL,0.35,3.12,2004-11-09,2004
""LEGO Marvel's Avengers"",Action,""Warner Bros. Interactive Entertainment"",NULL,1.15,1.54,0.05,0.39,3.12,2016-01-26,2016
""Dishonored 2"",Action,""Bethesda Softworks"",NULL,1.17,1.5,0.01,0.41,3.09,2016-11-10,2016
""The Sims 2: Castaway"",Simulation,""Electronic Arts"",NULL,1.44,1.14,NULL,0.49,3.09,2007-10-22,2007
""DJ Hero"",Misc,""Activision"",8.4,1.58,0.98,NULL,0.54,3.09,2009-10-27,2009
""MySims Kingdom"",Simulation,""Electronic Arts"",NULL,1.5,1.23,0.02,0.32,3.08,2008-10-28,2008
""The Sims: Vacation"",Simulation,""Electronic Arts"",NULL,1.72,1.21,NULL,0.14,3.07,2002-03-25,2002
""Just Dance 2016"",Music,""Ubisoft"",NULL,1.59,1.12,NULL,0.33,3.06,2015-10-20,2015
""Tiger Woods PGA Tour 08"",Sports,""Electronic Arts"",7.4,1.97,0.71,NULL,0.4,3.06,2007-08-28,2007
""Grand Theft Auto: San Andreas"",Action,""Rockstar Games"",9.4,1.35,1.56,NULL,0.14,3.05,2004-10-26,2004
""Mafia II"",Action,""2K Games"",7.3,1.35,1.25,0.04,0.4,3.05,2010-08-24,2010
""Rayman"",Platform,""Ubisoft"",7.8,1.54,1.33,NULL,0.16,3.03,1995-01-01,1995
""The Orange Box"",Shooter,""Electronic Arts"",9.4,1.37,1.22,0.02,0.4,3.03,2007-10-10,2007
""Guitar Hero Live"",Music,""Activision"",NULL,1.58,1.05,NULL,0.4,3.03,2015-10-20,2015
""Crazy Taxi"",Racing,""Acclaim Entertainment"",7.7,1.49,1.21,0.08,0.23,3.01,2001-05-14,2001
""Tiger Woods PGA Tour 10"",Sports,""EA Sports"",8.4,1.65,0.9,NULL,0.45,3,2009-06-08,2009
""The Sims: Livin Large"",Misc,""Electronic Arts"",NULL,1.67,1.18,NULL,0.13,2.99,2000-08-27,2000
""World Soccer Winning Eleven 6 International"",Sports,""Konami"",NULL,0.12,1.26,1.16,0.45,2.99,2003-03-11,2003
""SingStar"",Misc,""Sony Computer Entertainment"",8,0.45,1.93,NULL,0.61,2.99,2004-05-21,2004
""Dead Rising 2"",Action,""Capcom"",8,1.25,1.1,0.26,0.36,2.97,2010-09-28,2010
""2010 FIFA World Cup South Africa"",Sports,""EA Sports"",7.4,0.94,1.44,0.13,0.47,2.97,2010-04-27,2010
""Imagine: Fashion Designer"",Simulation,""Ubisoft"",3,1.43,1.21,NULL,0.31,2.96,2007-10-23,2007
""Zumba Fitness"",Sports,""Majesco"",NULL,2.02,0.66,NULL,0.27,2.96,2010-11-18,2010
""Bakugan: Battle Brawlers"",Action,""Activision"",6.4,2.45,0.26,NULL,0.24,2.96,2009-10-20,2009
""NBA 2K10"",Sports,""2K Sports"",6.8,2.63,0.05,0.01,0.26,2.96,2009-10-06,2009
""UFC Undisputed 2010"",Fighting,""THQ"",8.2,1.81,0.78,0.02,0.34,2.95,2010-05-25,2010
""Disney Infinity 3.0"",Action,""Disney Interactive Studios"",NULL,1.4,1.19,NULL,0.37,2.95,2015-08-30,2015
""Pac-Man Collection"",Puzzle,""Namco"",NULL,2.07,0.77,0.05,0.05,2.94,2001-07-12,2001
""WWE 2K16"",Sports,""Take-Two Interactive"",NULL,1.3,1.25,NULL,0.4,2.94,2015-10-27,2015
""Need for Speed: Payback"",Racing,""Electronic Arts"",6.1,1.04,1.44,0.04,0.41,2.93,2017-11-10,2017
""Medal of Honor: Warfighter"",Shooter,""Electronic Arts"",NULL,1.24,1.26,0.07,0.36,2.93,2012-10-23,2012
""Devil May Cry 4"",Action,""Capcom"",8.1,1.37,0.79,0.42,0.33,2.92,2008-02-05,2008
""Fight Night Round 4"",Fighting,""EA Sports"",8.6,1.87,0.73,NULL,0.33,2.92,2009-06-23,2009
""Ben 10: Alien Force"",Action,""D3 Publisher"",5.2,1.75,0.59,NULL,0.6,2.92,2008-10-28,2008
""Mass Effect"",Role-Playing,""Microsoft Game Studios"",9.2,1.83,0.79,0.03,0.27,2.91,2007-11-20,2007
""Injustice: Gods Among Us"",Fighting,""Warner Bros. Interactive Entertainment"",NULL,1.56,0.96,0.01,0.37,2.9,2013-04-16,2013
""Cooking Mama: Cook Off"",Simulation,""Majesco"",5.9,1.41,1.12,0.05,0.3,2.89,2007-03-20,2007
""Hot Shots Golf 3"",Sports,""Sony Computer Entertainment"",NULL,0.99,0.32,1.38,0.2,2.89,2002-03-11,2002
""Tomb Raider: The Last Revelation"",Action,""Eidos Interactive"",NULL,1.56,1.14,0.06,0.13,2.89,1999-10-31,1999
""SSX Tricky"",Sports,""EA Sports BIG"",8.8,1.73,0.91,NULL,0.25,2.89,2001-11-05,2001
""The Crew"",Racing,""Ubisoft"",NULL,0.82,1.67,0.03,0.36,2.88,2014-12-02,2014
""Imagine: Babyz"",Simulation,""Ubisoft"",3.5,1.3,1.26,NULL,0.31,2.87,2007-10-23,2007
""Colin McRae Rally"",Racing,""Sony Computer Entertainment"",7.9,0.09,2.43,0.12,0.22,2.87,2000-01-31,2000
""Mortal Kombat 3"",Fighting,""Williams Entertainment"",NULL,2.22,0.56,NULL,0.09,2.87,1995-01-01,1995
""Tom Clancy's Splinter Cell: Pandora Tomorrow"",Action,""Ubisoft"",8,1.45,1.19,NULL,0.24,2.87,2004-03-23,2004
""The Elder Scrolls III: Morrowind"",Role-Playing,""Bethesda Softworks"",8.4,2.09,0.63,0.03,0.11,2.86,2002-05-01,2002
""The Golden Compass"",Adventure,""Sega"",3.8,1.22,0.91,NULL,0.71,2.84,2007-12-04,2007
""WWE SmackDown! vs. Raw"",Fighting,""THQ"",NULL,1.32,1.08,0.04,0.39,2.83,2004-11-02,2004
""Zumba Fitness 2"",Sports,""Majesco"",NULL,1.52,1.05,NULL,0.26,2.83,2011-11-15,2011
""Finding Nemo"",Platform,""THQ"",7,1.59,1.05,0.04,0.14,2.82,2003-05-10,2003
""Spyro Reignited Trilogy"",Platform,""Activision"",NULL,1.11,1.31,NULL,0.41,2.82,2018-11-13,2018
""Marvel: Ultimate Alliance 2"",Role-Playing,""Activision"",6.9,1.98,0.45,NULL,0.42,2.82,2009-09-15,2009
""Killzone 3"",Shooter,""Sony Computer Entertainment"",8.2,1.46,0.87,0.09,0.38,2.81,2011-02-22,2011
""NBA Live 2004"",Sports,""EA Sports"",8.4,2.22,0.27,NULL,0.3,2.81,2003-10-14,2003
""NCAA Football 06"",Sports,""EA Sports"",NULL,2.26,0.26,NULL,0.28,2.81,2005-07-11,2005
""Army of Two"",Shooter,""Electronic Arts"",7,1.83,0.63,0.04,0.31,2.81,2008-03-06,2008
""MVP Baseball 2005"",Sports,""EA Sports"",8.8,2.21,0.34,NULL,0.25,2.81,2005-02-22,2005
""NCAA Football 07"",Sports,""Electronic Arts"",8.2,2.42,0.05,NULL,0.32,2.8,2006-07-18,2006
""Battlefield: Bad Company"",Shooter,""Electronic Arts"",8.6,1.57,0.82,0.09,0.32,2.8,2008-06-23,2008
""WWF SmackDown! Just Bring It"",Fighting,""THQ"",NULL,1.19,1.15,0.04,0.41,2.79,2001-11-18,2001
""A Bug's Life"",Platform,""Sony Computer Entertainment"",3.6,1.96,0.72,NULL,0.11,2.79,1998-10-31,1998
""WWE '12"",Fighting,""THQ"",8.2,1.5,0.94,0.02,0.32,2.79,2011-11-22,2011
""NBA Live 2002"",Sports,""EA Sports"",NULL,1.55,0.93,NULL,0.29,2.78,2001-10-29,2001
""Mortal Kombat: Deception"",Fighting,""Midway Games"",7.3,1.62,0.86,NULL,0.27,2.75,2004-10-04,2004
""Sonic Unleashed"",Platform,""Sega"",6.1,1.47,0.68,0.01,0.59,2.74,2008-11-18,2008
""Star Wars The Clone Wars: Republic Heroes"",Action,""LucasArts"",5.4,1.4,0.95,NULL,0.37,2.72,2009-10-06,2009
""Sim Theme Park"",Strategy,""Electronic Arts"",8.3,2.39,0.28,NULL,0.04,2.71,1999-10-24,1999
""Transformers: Revenge of the Fallen"",Action,""Activision"",5.5,1.28,0.89,NULL,0.53,2.71,2009-06-23,2009
""Mortal Kombat"",Fighting,""Warner Bros. Interactive"",8.4,1.91,0.5,NULL,0.29,2.7,2011-04-19,2011
""Guitar Hero: Metallica"",Misc,""Activision"",8.7,1.37,1,NULL,0.31,2.7,2009-03-29,2009
""Pirates of the Caribbean: At World's End"",Action,""Disney Interactive Studios"",6,1.5,0.79,0.02,0.4,2.7,2007-05-22,2007
""Wipeout: The Game"",Misc,""Activision"",NULL,2.5,NULL,NULL,0.18,2.69,2010-06-22,2010
""Spyro: Enter the Dragonfly"",Platform,""VU Games"",5,1.29,1.09,NULL,0.3,2.68,2002-11-03,2002
""Mortal Kombat"",Fighting,""Arena Entertainment"",NULL,1.95,0.63,NULL,0.09,2.67,1993-09-13,1993
""SpongeBob's Atlantis SquarePantis"",Adventure,""THQ"",NULL,2.41,0.01,NULL,0.22,2.67,2007-10-23,2007
""Cars: Race-O-Rama"",Racing,""THQ"",NULL,1.8,0.52,NULL,0.39,2.67,2009-10-13,2009
""Medal of Honor Heroes"",Shooter,""Electronic Arts"",6.7,0.86,1.11,0.01,0.67,2.66,2006-10-20,2006
""WWE SmackDown! Shut Your Mouth"",Fighting,""THQ"",NULL,1.32,1.29,0.04,NULL,2.66,2002-10-31,2002
""For Honor"",Action,""Ubisoft"",NULL,1.32,0.89,0.07,0.36,2.66,2017-02-14,2017
""Hot Shots Golf Fore!"",Sports,""Sony Computer Entertainment"",NULL,0.73,0.47,1.34,0.12,2.66,2004-08-17,2004
""Hannah Montana"",Action,""Buena Vista"",6.5,1.59,0.8,NULL,0.26,2.65,2006-10-10,2006
""Just Dance 3"",Misc,""Ubisoft"",6.5,1.81,0.6,NULL,0.25,2.65,2011-10-07,2011
""DiRT 2"",Racing,""Codemasters"",7.7,0.84,1.39,0,0.42,2.65,2009-09-08,2009
""Rayman Raving Rabbids 2"",Misc,""Ubisoft"",6.6,1.55,0.83,NULL,0.26,2.64,2007-11-13,2007
""Toy Story 2: Buzz Lightyear to the Rescue!"",Platform,""Activision"",NULL,1.7,0.84,NULL,0.09,2.64,1999-11-17,1999
""Prince of Persia: Warrior Within"",Adventure,""Ubisoft"",8.2,1.17,1.2,NULL,0.27,2.64,2004-11-30,2004
""Up"",Adventure,""THQ"",6.5,1.3,0.83,NULL,0.5,2.64,2009-05-26,2009
""Midnight Club: Street Racing"",Racing,""Rockstar Games"",NULL,2,0.47,0.02,0.14,2.63,2000-10-25,2000
""Guitar Hero: Warriors of Rock"",Misc,""Activision"",7.2,1.27,1.07,NULL,0.29,2.63,2010-09-28,2010
""Tiger Woods PGA Tour 07"",Sports,""EA Sports"",7.8,2.11,0.23,NULL,0.29,2.63,2006-10-10,2006
""Need for Speed Carbon: Own the City"",Racing,""Electronic Arts"",7.4,1.04,0.98,NULL,0.6,2.62,2006-10-31,2006
""MX vs. ATV Untamed"",Racing,""THQ"",5.6,1.96,0.36,NULL,0.32,2.62,2007-12-17,2007
""LittleBigPlanet"",Platform,""Sony Computer Entertainment"",8.9,0.65,1.27,0.01,0.68,2.61,2008-10-27,2008
""Injustice 2"",Fighting,""Warner Bros. Interactive Entertainment"",NULL,1.53,0.7,NULL,0.38,2.61,2017-05-16,2017
""Tom Clancy's Ghost Recon: Future Soldier"",Shooter,""Ubisoft"",NULL,1.4,0.83,0.11,0.28,2.61,2012-05-22,2012
""Streets of Rage"",Action,""Sega"",NULL,1.86,0.55,0.11,0.08,2.6,1990-12-31,1990
""Homefront"",Shooter,""THQ"",6.6,1.26,0.98,0.06,0.3,2.6,2011-03-15,2011
""EA Sports Active 2"",Sports,""Electronic Arts"",7.4,1.48,0.83,NULL,0.27,2.6,2010-11-16,2010
""Tiger Woods PGA Tour 2004"",Sports,""EA Sports"",6.8,1.9,0.55,NULL,0.12,2.59,2003-09-22,2003
""Rayman Origins"",Platform,""Ubisoft"",9,0.89,1.33,0.01,0.36,2.59,2011-11-15,2011
""Dragon Age II"",Role-Playing,""Electronic Arts"",7.9,1.35,0.88,0.06,0.29,2.58,2011-03-08,2011
""Dragon's Dogma"",Role-Playing,""Capcom"",NULL,0.83,0.73,0.79,0.22,2.56,2012-05-22,2012
""SSX 3"",Sports,""EA Sports BIG"",9.5,1.6,0.71,NULL,0.24,2.56,2003-10-20,2003
""NFL Blitz"",Sports,""Midway Games"",9.1,2.43,0.09,NULL,0.05,2.56,1998-09-09,1998
""[Prototype]"",Action,""Activision"",7.9,1.49,0.76,NULL,0.3,2.55,2009-06-09,2009
""Tony Hawk's Project 8"",Sports,""Activision"",7.2,1.87,0.36,0.01,0.33,2.55,2006-11-07,2006
""Scooby-Doo! Night of 100 Frights"",Platform,""THQ"",NULL,1.51,0.81,NULL,0.24,2.54,2002-05-20,2002
""ESPN NBA 2K5"",Sports,""Sega"",NULL,2.14,0.16,NULL,0.25,2.54,2004-09-28,2004
""NCAA Football 10"",Sports,""EA Sports"",7.8,2.09,0.22,NULL,0.22,2.54,2009-07-14,2009
""Crash Nitro Kart"",Racing,""VU Games"",NULL,1.18,1.13,NULL,0.22,2.52,2003-11-11,2003
""Shadow of the Tomb Raider"",Action-Adventure,""Square Enix"",NULL,1.05,1.07,0.06,0.34,2.52,2018-09-14,2018
""NCAA Football 2005"",Sports,""EA Sports"",NULL,2.12,0.15,NULL,0.26,2.52,2004-07-15,2004
""Conflict: Desert Storm"",Shooter,""Gotham Games"",6.3,1.52,0.92,NULL,0.08,2.52,2002-09-30,2002
""Disney Sing It"",Misc,""Disney Interactive Studios"",NULL,1.7,0.57,NULL,0.24,2.52,2008-10-21,2008
""Harry Potter and the Order of the Phoenix"",Adventure,""Electronic Arts"",4.9,1.31,0.88,NULL,0.31,2.52,2007-06-25,2007
""Rayman Raving Rabbids: TV Party"",Misc,""Ubisoft"",7.1,1.16,1.09,NULL,0.27,2.51,2008-11-18,2008
""Tom Clancy's Ghost Recon 2"",Shooter,""Ubisoft"",5.7,1.56,0.8,NULL,0.16,2.51,2004-11-16,2004
""Star Wars: Dark Forces"",Shooter,""LucasArts"",NULL,1.4,0.98,NULL,0.13,2.5,1995-02-28,1995
""NASCAR 99"",Racing,""EA Sports"",NULL,2.39,0.08,NULL,0.05,2.5,1998-09-11,1998
""SoulCalibur II"",Fighting,""Namco"",9.1,1.77,0.5,0.14,0.08,2.5,2003-08-27,2003
""Game Party"",Misc,""Midway Games"",2.6,1.47,0.77,NULL,0.24,2.49,2007-11-27,2007
""Theme Hospital"",Strategy,""Electronic Arts"",6.4,2.33,0.12,0.03,0.01,2.49,1997-03-31,1997
""Teenage Mutant Ninja Turtles"",Action,""Konami"",NULL,1.6,0.73,NULL,0.16,2.49,2003-10-21,2003
""WWF Attitude"",Fighting,""Acclaim Entertainment"",NULL,1.84,0.55,NULL,0.08,2.47,1999-06-01,1999
""007: The World is Not Enough"",Shooter,""Electronic Arts"",6.9,1.64,0.73,0.02,0.09,2.47,2000-10-17,2000
""Just Dance 2017"",Music,""Ubisoft"",6.5,1.15,1.1,NULL,0.22,2.47,2016-10-25,2016
""Fallout 76"",Role-Playing,""Bethesda Softworks"",4.6,1.23,0.82,0.1,0.31,2.46,2018-11-14,2018
""WWE 2K17"",Sports,""2K Games"",NULL,0.83,1.28,NULL,0.33,2.46,2016-10-11,2016
""LEGO The Hobbit"",Action-Adventure,""Warner Bros. Interactive Entertainment"",7,0.8,1.36,NULL,0.3,2.46,2014-04-08,2014
""Dying Light"",Action,""Warner Bros. Interactive"",NULL,1.18,0.74,0.13,0.4,2.45,2015-01-27,2015
""Pro Evolution Soccer 2013"",Sports,""Konami Digital Entertainment"",NULL,0.31,1.05,0.83,0.27,2.45,2012-09-25,2012
""Twisted Metal 2"",Racing,""Sony Computer Entertainment"",8.7,2.12,0.25,NULL,0.07,2.44,1996-10-31,1996
""uDraw Studio"",Misc,""THQ"",NULL,1.65,0.58,NULL,0.21,2.44,2010-11-14,2010
""Rise of the Tomb Raider"",Adventure,""Square Enix"",NULL,0.82,1.2,0.05,0.35,2.44,2015-11-10,2015
""Tiger Woods PGA Tour 2005"",Sports,""EA Sports"",NULL,1.77,0.54,NULL,0.12,2.44,2004-09-20,2004
""NFL Street"",Sports,""EA Sports BIG"",8.3,1.91,0.3,NULL,0.22,2.43,2004-01-13,2004
""Marvel vs. Capcom 3: Fate of Two Worlds"",Fighting,""Capcom"",8.3,1.6,0.46,0.14,0.23,2.43,2011-02-15,2011
""Sonic Adventure"",Platform,""Sega"",5.8,1.26,0.61,0.46,0.08,2.42,1999-09-09,1999
""Tom Clancy's Rainbow Six 3"",Shooter,""Ubisoft"",6.5,1.35,0.89,NULL,0.17,2.42,2003-03-18,2003
""Assassin's Creed: Rogue"",Action,""Ubisoft"",NULL,1.12,0.93,0.07,0.3,2.42,2014-11-11,2014
""Skylanders: SuperChargers"",Action-Adventure,""Activision"",8,1.47,0.67,NULL,0.29,2.42,2015-09-20,2015
""Halo: Combat Evolved Anniversary"",Shooter,""Microsoft Studios"",8,1.44,0.71,0.04,0.22,2.41,2011-11-15,2011
""Kinect: Disneyland Adventures"",Action-Adventure,""Microsoft Studios"",8.5,1.73,0.43,0.02,0.23,2.41,2011-11-15,2011
""ATV Offroad Fury"",Racing,""Sony Computer Entertainment"",8.4,2.07,0.26,NULL,0.08,2.41,2001-02-05,2001
""Grand Theft Auto: Chinatown Wars"",Adventure,""Rockstar Games"",9.4,0.86,1.06,0.08,0.41,2.41,2009-03-17,2009
""F1 2011"",Racing,""Codemasters"",7.6,0.33,1.57,0.13,0.39,2.41,2011-09-19,2011
""LEGO Worlds"",Misc,""Warner Bros. Interactive Entertainment"",5,0.7,1.4,0.04,0.26,2.41,2015-06-01,2015
""Forza Motorsport 5"",Racing,""Microsoft Studios"",NULL,1.28,0.9,0.01,0.21,2.4,2013-11-22,2013
""Tetris Plus"",Puzzle,""Jaleco"",NULL,2.1,0.24,NULL,0.07,2.4,1996-09-30,1996
""Mass Effect: Andromeda"",Role-Playing,""Electronic Arts"",NULL,1.12,0.95,NULL,0.33,2.4,2017-03-21,2017
""Frogger's Adventures: Temple of the Frog"",Adventure,""Konami"",6.7,2.15,0.18,NULL,0.07,2.39,2001-10-24,2001
""Mortal Kombat II (US & Others sales)"",Fighting,""Acclaim Entertainment"",NULL,1.78,0.53,NULL,0.08,2.39,1994-01-01,1994
""WCW/nWo Revenge"",Fighting,""THQ"",NULL,1.94,0.39,0.03,0.02,2.38,1998-10-26,1998
""Rocksmith"",Misc,""Ubisoft"",8,1.45,0.6,0.1,0.22,2.38,2011-10-18,2011
""Cabela's Big Game Hunter 2010"",Sports,""Activision"",5.5,2.2,NULL,NULL,0.17,2.37,2009-09-29,2009
""Middle-Earth: Shadow of Mordor"",Action,""Warner Bros. Interactive Entertainment"",NULL,1.13,0.98,0.02,0.24,2.37,2014-09-30,2014
""NBA Jam Tournament Edition"",Sports,""Acclaim Entertainment"",NULL,1.96,0.35,NULL,0.07,2.37,1995-01-01,1995
""Alien: Isolation"",Adventure,""Sega"",NULL,0.8,1.25,0.05,0.29,2.37,2014-10-07,2014
""MX Unleashed"",Racing,""THQ"",NULL,1.28,0.81,NULL,0.27,2.36,2004-02-17,2004
""Madden NFL 2000"",Sports,""EA Sports"",NULL,2.26,0.06,NULL,0.04,2.36,1999-07-31,1999
""Medal of Honor: Airborne"",Shooter,""Electronic Arts"",NULL,0.7,1.26,0.04,0.37,2.36,2007-09-04,2007
""Sonic & Sega All-Stars Racing Transformed"",Racing,""Sega"",6.9,0.68,1.36,0.04,0.28,2.36,2012-11-18,2012
""NBA Live 2001"",Sports,""EA Sports"",NULL,1.22,0.87,0.04,0.21,2.35,2000-10-16,2000
""LEGO Marvel Super Heroes 2"",Action,""Warner Bros. Interactive Entertainment"",NULL,0.96,1.09,0.01,0.29,2.35,2017-11-14,2017
""Shaun White Snowboarding"",Sports,""Ubisoft"",6.2,1.41,0.65,0.01,0.27,2.35,2008-11-16,2008
""NBA Live 07"",Sports,""EA Sports"",6.3,2.01,0.05,0.02,0.25,2.34,2006-09-25,2006
""Mirror's Edge"",Platform,""Electronic Arts"",7.6,0.82,1.15,0.03,0.34,2.34,2008-11-11,2008
""Tomb Raider: Anniversary"",Action,""Eidos Interactive"",7.5,0.86,1.13,NULL,0.36,2.34,2007-06-05,2007
""NBA Live 08"",Sports,""Electronic Arts"",6.8,2.05,0.04,0.02,0.22,2.34,2007-10-01,2007
""Harry Potter and the Goblet of Fire"",Adventure,""Electronic Arts"",6.7,1.85,0.33,NULL,0.16,2.34,2005-11-08,2005
""Kinect Sports: Season Two"",Sports,""Microsoft Studios"",6.6,1.38,0.72,0.02,0.21,2.33,2011-10-25,2011
""Star Wars: Knights of the Old Republic"",Role-Playing,""LucasArts"",9.4,1.69,0.55,NULL,0.1,2.33,2003-07-15,2003
""SpongeBob SquarePants: SuperSponge"",Action,""THQ"",NULL,1.51,0.73,NULL,0.09,2.33,2001-09-21,2001
""Knockout Kings 2000"",Fighting,""EA Sports"",NULL,1.65,0.61,NULL,0.07,2.33,1999-10-03,1999
""Grand Theft Auto"",Action,""Take-Two Interactive"",6,0.79,1.35,0.04,0.14,2.32,1998-06-30,1998
""My Fitness Coach"",Sports,""Ubisoft"",7.1,1.18,0.9,NULL,0.24,2.32,2008-12-02,2008
""Assassin's Creed IV: Black Flag"",Action,""Ubisoft"",8.3,1.51,0.59,NULL,0.22,2.32,2013-11-22,2013
""NBA Live 2003"",Sports,""EA Sports"",8.4,1.79,0.25,0.03,0.24,2.32,2002-10-08,2002
""WWE 2K14"",Fighting,""2K Sports"",7.6,1.13,0.89,NULL,0.3,2.32,2013-10-29,2013
""Tom Clancy's Splinter Cell: Blacklist"",Action-Adventure,""Ubisoft"",8.7,1.01,0.98,0.07,0.27,2.32,2013-08-20,2013
""Cool Boarders 3"",Sports,""989 Studios"",NULL,1.65,0.46,0.1,0.1,2.31,1998-10-28,1998
""Need for Speed: High Stakes"",Racing,""Electronic Arts"",NULL,1.58,0.64,NULL,0.09,2.31,1999-03-01,1999
""Tiger Woods PGA Tour 2003"",Sports,""EA Sports"",NULL,1.33,0.76,NULL,0.23,2.31,2002-10-27,2002
""Mercenaries 2: World in Flames"",Shooter,""Electronic Arts"",6.4,1.15,0.7,0.03,0.43,2.31,2008-08-31,2008
""50 Cent: Bulletproof"",Action,""Vivendi Games"",5.5,1.26,0.86,NULL,0.19,2.3,2005-11-17,2005
""Def Jam: Fight for NY"",Fighting,""Electronic Arts"",NULL,1.29,0.77,NULL,0.24,2.3,2004-09-20,2004
""NBA 2K9"",Sports,""2K Sports"",7.9,1.9,0.17,0,0.22,2.3,2008-10-07,2008
""Crash of the Titans"",Action,""Sierra Entertainment"",6.4,1.67,0.32,NULL,0.3,2.3,2007-10-02,2007
""NFL Street 2"",Sports,""EA Sports BIG"",8.2,1.3,0.77,NULL,0.24,2.29,2004-12-22,2004
""Forza Horizon 2"",Racing,""Microsoft Studios"",NULL,0.91,1.2,0.01,0.18,2.29,2014-09-30,2014
""SingStar Abba"",Misc,""Sony Computer Entertainment"",NULL,0.5,0.55,NULL,1.25,2.29,2008-12-02,2008
""Red Dead Redemption: Undead Nightmare"",Action,""Rockstar Games"",10,1.08,0.83,0.08,0.29,2.29,2010-10-26,2010
""Midnight Club II"",Racing,""Rockstar Games"",NULL,1.67,0.35,NULL,0.26,2.28,2003-04-09,2003
""Tom Clancy's Rainbow Six"",Shooter,""Red Storm Entertainment"",NULL,1.41,0.78,NULL,0.09,2.28,1998-07-31,1998
""Metal Gear Solid HD Collection"",Action,""Konami Digital Entertainment"",NULL,1.09,0.87,0.05,0.28,2.28,2011-11-08,2011
""Star Wars Battlefront II (US sales)"",Shooter,""LucasArts"",NULL,2.18,0.07,NULL,0.02,2.27,2005-11-01,2005
""F1 2010"",Racing,""Codemasters"",8.3,0.43,1.39,0.09,0.37,2.27,2010-09-21,2010
""No Man's Sky"",Action-Adventure,""Hello Games"",6.8,0.89,0.97,0.04,0.37,2.26,2016-01-01,2016
""Crash: Mind Over Mutant"",Platform,""Activision"",6.2,1.31,0.66,NULL,0.28,2.26,2008-10-07,2008
""Just Dance Kids"",Misc,""Ubisoft"",NULL,1.52,0.54,NULL,0.19,2.25,2010-11-09,2010
""Cool Boarders 2"",Sports,""Sony Computer Entertainment"",NULL,1.52,0.46,0.2,0.08,2.25,1997-10-31,1997
""Disney Universe"",Action,""Disney Interactive Studios"",7,1.34,0.65,NULL,0.24,2.25,2011-10-25,2011
""Sonic Advance"",Platform,""Sega"",NULL,1.19,0.71,0.22,0.13,2.24,2002-02-04,2002
""Dead to Rights"",Shooter,""Namco"",3.6,1.32,0.72,NULL,0.2,2.24,2002-08-19,2002
""Turok: Evolution"",Shooter,""Acclaim Entertainment"",7.4,1.33,0.72,NULL,0.2,2.24,2002-08-31,2002
""Dance Dance Revolution X2"",Simulation,""Konami"",NULL,1.09,0.85,NULL,0.28,2.23,2009-10-27,2009
""Teenage Mutant Ninja Turtles II: The Arcade Game"",Action,""Ultra Games"",NULL,1.74,0.25,0.21,0.03,2.23,1990-12-01,1990
""Spyro: Season of Ice"",Platform,""Vivendi Games"",NULL,1.29,0.83,NULL,0.11,2.23,2001-10-29,2001
""Petz Dogz 2"",Simulation,""Ubisoft"",NULL,1.26,0.74,NULL,0.23,2.23,2007-11-13,2007
""DJ Hero 2"",Misc,""Activision"",8.5,1.62,0.4,NULL,0.2,2.23,2010-10-19,2010
""Hasbro Family Game Night"",Misc,""Electronic Arts"",NULL,1.25,0.75,NULL,0.22,2.22,2008-11-11,2008
""WWE 2K18"",Sports,""2K Sports"",NULL,0.94,1,NULL,0.3,2.22,2017-10-17,2017
""Disney Epic Mickey 2: The Power of Two"",Platform,""Disney Interactive Studios"",5.9,1.33,0.64,0.01,0.24,2.22,2012-11-18,2012
""Spy Hunter"",Racing,""Midway Games"",7.9,1.54,0.43,NULL,0.24,2.21,2001-09-24,2001
""Dead Space 3"",Shooter,""Electronic Arts"",NULL,1.11,0.83,NULL,0.27,2.21,2013-02-05,2013
""The Walking Dead: A Telltale Games Series"",Adventure,""Telltale Games"",9.7,1.17,0.64,0.07,0.32,2.21,2012-11-20,2012
""R.B.I. Baseball"",Sports,""Tengen"",NULL,0.15,NULL,2.05,NULL,2.2,1988-01-01,1988
""High School Musical: Makin' the Cut!"",Puzzle,""Disney Interactive Studios"",7.3,1.06,0.9,NULL,0.23,2.2,2007-08-14,2007
""Metal Gear Solid V: Ground Zeroes"",Action-Adventure,""Konami Digital Entertainment"",8.1,0.68,0.81,0.46,0.25,2.2,2014-03-18,2014
""Dante's Inferno"",Action,""Electronic Arts"",6.4,1.39,0.52,0.07,0.22,2.2,2010-02-09,2010
""The Amazing Spider-Man (2012)"",Action-Adventure,""Activision"",6.8,1.2,0.74,NULL,0.25,2.2,2012-06-26,2012
""Def Jam Vendetta"",Fighting,""EA Sports BIG"",8.8,1.14,0.79,NULL,0.26,2.19,2003-03-31,2003
""Mortal Kombat 4"",Fighting,""Midway Games"",NULL,1.36,0.72,NULL,0.11,2.19,1997-09-11,1997
""South Park: The Fractured But Whole"",Role-Playing,""Ubisoft"",9.5,1.1,0.79,NULL,0.31,2.19,2017-10-17,2017
""ATV Offroad Fury 2"",Racing,""Sony Computer Entertainment"",8.7,1.92,0.2,NULL,0.06,2.18,2002-11-09,2002
""FIFA Street (2012)"",Sports,""EA Sports"",NULL,0.34,1.54,NULL,0.31,2.18,2012-03-13,2012
""Rock Band 3"",Misc,""MTV Games"",9.1,1.76,0.25,NULL,0.18,2.18,2010-10-26,2010
""PlayerUnknown's Battlegrounds"",Shooter,""Microsoft Studios"",NULL,1.29,0.69,NULL,0.2,2.17,2017-12-12,2017
""NBA Ballers"",Sports,""Midway Games"",NULL,1.18,0.74,NULL,0.23,2.17,2004-04-05,2004
""Tomb Raider: Definitive Edition"",Action-Adventure,""Square Enix"",NULL,0.85,0.96,0.06,0.29,2.17,2014-01-28,2014
""NCAA Football 2003"",Sports,""EA Sports"",9.2,1.71,0.23,NULL,0.22,2.17,2002-07-20,2002
""Wolfenstein II: The New Colossus"",Shooter,""Bethesda Softworks"",8.6,1.05,0.82,0.01,0.3,2.17,2017-10-27,2017
""South Park: The Stick of Truth"",Role-Playing,""Ubisoft"",NULL,1.16,0.73,NULL,0.28,2.17,2014-03-04,2014
""Your Shape featuring Jenny McCarthy"",Sports,""Ubisoft"",6,1.5,0.46,NULL,0.19,2.16,2009-11-24,2009
""The Sims: House Party"",Simulation,""Maxis"",NULL,1.23,0.83,NULL,0.1,2.16,2001-03-26,2001
""PlayStation VR Worlds"",Misc,""Sony Interactive Entertainment"",NULL,0.36,1.4,0.09,0.32,2.16,2016-10-13,2016
""Tom Clancy's Splinter Cell: Conviction"",Action,""Ubisoft"",8.3,1.2,0.7,0.04,0.21,2.16,2010-04-13,2010
""Fight Night 2004"",Fighting,""EA Sports"",NULL,1.59,0.35,NULL,0.22,2.16,2004-04-05,2004
""Army of Two: The 40th Day"",Shooter,""Electronic Arts"",6,1.21,0.64,0.01,0.3,2.16,2010-01-12,2010
""Tony Hawk: RIDE"",Sports,""Activision"",4.4,1.53,0.42,NULL,0.21,2.16,2009-11-17,2009
""NCAA Football 11"",Sports,""EA Sports"",7.8,1.84,0.15,NULL,0.17,2.16,2010-07-13,2010
""Madagascar: Escape 2 Africa"",Action,""Activision"",NULL,1.09,0.61,NULL,0.46,2.16,2008-11-04,2008
""Syphon Filter 2"",Shooter,""989 Studios"",NULL,1.5,0.55,0.02,0.08,2.15,2000-02-29,2000
""Gun"",Shooter,""Activision"",7.7,1.74,0.22,NULL,0.2,2.15,2005-11-08,2005
""Harry Potter and the Prisoner of Azkaban"",Adventure,""Electronic Arts"",7,1.3,0.68,NULL,0.16,2.15,2004-05-25,2004
""Call of Duty: Roads to Victory"",Shooter,""Activision"",6.1,0.52,1.03,NULL,0.59,2.14,2007-03-13,2007
""Bayonetta"",Action,""Sega"",8.8,0.95,0.65,0.3,0.24,2.14,2010-01-05,2010
""Tony Hawk's Proving Ground"",Sports,""Activision"",7.2,1.82,0.11,NULL,0.21,2.14,2007-10-15,2007
""Dance Dance Revolution Extreme"",Simulation,""Konami"",NULL,1.04,0.81,NULL,0.27,2.13,2004-09-21,2004
""Demon Attack"",Shooter,""Imagic"",NULL,1.99,0.12,NULL,0.02,2.13,1982-01-01,1982
""LEGO Rock Band"",Misc,""Warner Bros. Interactive"",7.5,1.37,0.54,NULL,0.21,2.13,2009-11-03,2009
""Call of Duty 2"",Shooter,""Activision"",7.9,1.84,0.09,0.01,0.17,2.12,2005-10-25,2005
""NASCAR 2000"",Racing,""EA Sports"",NULL,1.37,0.63,NULL,0.1,2.12,1999-09-30,1999
""MySims Agents"",Adventure,""Electronic Arts"",7.5,1.17,0.74,0,0.21,2.12,2009-09-29,2009
""Scooby-Doo! First Frights"",Adventure,""Warner Bros. Interactive"",NULL,1.58,0.23,NULL,0.3,2.12,2009-09-22,2009
""Tak and the Power of Juju"",Platform,""THQ"",NULL,1.26,0.67,NULL,0.17,2.1,2003-10-15,2003
""Aliens vs Predator"",Shooter,""Sega"",6.1,0.96,0.86,NULL,0.29,2.1,2010-02-16,2010
""Prince of Persia: The Forgotten Sands"",Action,""Ubisoft"",7.5,0.82,0.95,0.02,0.31,2.1,2010-05-18,2010
""Need for Speed: Most Wanted 5-1-0"",Racing,""Electronic Arts"",7.4,1.77,0.13,0.02,0.17,2.09,2005-11-15,2005
""WCW Nitro"",Fighting,""THQ"",NULL,1.59,0.4,0.03,0.07,2.09,1998-01-01,1998
""Metal Gear Solid: Peace Walker"",Action,""Konami"",8.6,0.46,0.42,0.96,0.25,2.08,2010-06-08,2010
""Disney Sing It: Pop Hits"",Misc,""Disney Interactive Studios"",6.8,1.34,0.36,NULL,0.37,2.08,2009-10-06,2009
""Prince of Persia"",Adventure,""Ubisoft"",8.4,1.01,0.75,0.05,0.27,2.08,2008-12-02,2008
""Spec Ops: Airborne Commando"",Shooter,""Gotham Games"",NULL,1.54,0.46,NULL,0.08,2.07,2002-10-31,2002
""Dance Dance Revolution: Hottest Party"",Simulation,""Konami"",NULL,1.35,0.53,NULL,0.19,2.07,2007-09-25,2007
""R4: Ridge Racer Type 4"",Racing,""Namco"",9.1,0.68,0.46,0.79,0.13,2.06,1999-05-04,1999
""Midway Arcade Treasures"",Misc,""Midway Games"",6.8,1.18,0.67,NULL,0.2,2.06,2003-11-17,2003
""NFL 2K3"",Sports,""Sega"",9,1.61,0.23,NULL,0.21,2.06,2002-08-12,2002
""GRID"",Racing,""Codemasters"",8.3,0.68,1.04,0.04,0.29,2.06,2008-06-03,2008
""Sid Meier's Civilization Revolution"",Strategy,""2K Games"",8.3,1.44,0.39,0.03,0.19,2.06,2008-07-08,2008
""Shrek the Third"",Action,""Activision"",NULL,1.53,0.29,NULL,0.26,2.06,2007-05-02,2007
""Famista '89 - Kaimaku Han!!"",Sports,""Namco"",NULL,NULL,NULL,2.05,NULL,2.05,1989-07-28,1989
""Dark Souls"",Role-Playing,""Namco Bandai"",9,0.75,0.53,0.54,0.22,2.05,2011-10-04,2011
""NBA Jam"",Sports,""Arena Entertainment"",NULL,1.75,0.25,NULL,0.05,2.05,1993-01-01,1993
""Dave Mirra Freestyle BMX 2"",Sports,""Acclaim Entertainment"",8,1.17,0.68,NULL,0.2,2.05,2001-08-27,2001
""NCAA Football 14"",Sports,""EA Sports"",7.6,1.76,NULL,NULL,0.29,2.05,2013-07-09,2013
""UFC Undisputed 3"",Fighting,""THQ"",NULL,1.27,0.53,0.03,0.22,2.05,2012-02-14,2012
""The Evil Within"",Misc,""Bethesda Softworks"",6.7,0.91,0.78,0.14,0.22,2.05,2014-10-14,2014
""SOCOM: U.S. Navy SEALs: Combined Assault"",Shooter,""Sony Computer Entertainment"",NULL,1.74,0.02,NULL,0.28,2.04,2006-11-07,2006
""Dragon Quest XI: Echoes of an Elusive Age"",Role-Playing,""Square Enix"",9.5,0.29,0.22,1.43,0.1,2.04,2018-09-04,2018
""PGR4 - Project Gotham Racing 4"",Racing,""Microsoft Game Studios"",8.6,0.48,1.28,0.02,0.25,2.04,2007-10-02,2007
""Dance Central 2"",Music,""Microsoft"",8.6,1.45,0.41,0.01,0.16,2.04,2011-10-25,2011
""Carnival Games"",Misc,""2K Play"",NULL,1.22,0.63,NULL,0.19,2.04,2008-07-08,2008
""Madden NFL 25"",Sports,""Electronic Arts"",7.5,1.62,0.03,NULL,0.38,2.04,2013-08-27,2013
""Major League Baseball 2K5"",Sports,""2K Sports"",NULL,1.24,0.58,NULL,0.21,2.04,2005-02-23,2005
""Dark Souls II"",Role-Playing,""Namco Bandai Games"",NULL,0.87,0.54,0.42,0.22,2.04,2014-04-24,2014
""NCAA Football 13"",Sports,""EA Sports"",7.3,1.84,NULL,NULL,0.2,2.04,2012-07-10,2012
""Blazing Angels: Squadrons of WWII"",Simulation,""Ubisoft"",6.4,1.54,0.3,NULL,0.19,2.04,2006-03-23,2006
""Tiger Woods PGA Tour 09"",Sports,""EA Sports"",6.8,0.92,0.64,NULL,0.48,2.03,2008-08-26,2008
""Driv3r"",Racing,""Atari"",NULL,0.98,0.86,NULL,0.19,2.02,2004-06-21,2004
""NBA Live 09"",Sports,""Electronic Arts"",6.1,1.52,0.22,0.06,0.22,2.02,2008-10-07,2008
""Max Payne 2: The Fall of Max Payne"",Shooter,""Rockstar Games"",8.2,1.12,0.68,NULL,0.19,2.01,2003-10-14,2003
""Rockstar Games presents Table Tennis"",Sports,""Rockstar Games"",7.4,0.67,1.11,NULL,0.23,2.01,2006-05-22,2006
""WCW Mayhem"",Fighting,""Electronic Arts"",NULL,1.31,0.61,NULL,0.09,2.01,1999-09-22,1999
""Driver: San Francisco"",Racing,""Ubisoft"",7.9,0.61,1.09,0.01,0.29,2.01,2011-09-06,2011
""Mx vs. ATV Reflex"",Racing,""THQ"",6.4,1.35,0.43,NULL,0.23,2.01,2009-12-01,2009
""TouchMaster"",Puzzle,""Midway Games"",6.9,0.48,1.27,NULL,0.24,2,2007-06-25,2007
""Metal Gear Rising: Revengeance"",Action,""Konami Digital Entertainment"",9,0.77,0.56,0.44,0.23,2,2013-02-19,2013
""Red Dead Revolver"",Shooter,""Rockstar Games"",NULL,1.11,0.67,NULL,0.21,2,2004-05-03,2004
""Lego Marvel Super Heroes: Universe in Peril"",Action,""Warner Bros. Interactive Entertainment"",NULL,0.75,0.96,0.04,0.24,2,2013-10-22,2013
""Tiger Woods PGA Tour 06"",Sports,""EA Sports"",7.4,1.64,0.16,NULL,0.17,2,2005-09-20,2005
""NBA 2K8"",Sports,""2K Sports"",NULL,1.79,0.03,NULL,0.2,2,2007-10-02,2007
""Just Dance 2018"",Music,""Ubisoft"",8,0.84,0.96,NULL,0.19,2,2017-10-24,2017
""NCAA Football 09"",Sports,""EA Sports"",6.5,1.8,0.02,NULL,0.19,2,2008-07-15,2008
""Tenchu: Stealth Assassins"",Action,""Activision"",8.8,0.95,0.64,0.27,0.13,1.99,1998-08-31,1998
""Resident Evil: Operation Raccoon City"",Shooter,""Capcom"",NULL,1.03,0.41,0.39,0.16,1.99,2012-03-20,2012
""Sniper: Ghost Warrior"",Shooter,""City Interactive"",4.6,0.84,0.85,0.04,0.26,1.99,2008-10-16,2008
""G-Force"",Action,""Disney Interactive Studios"",7.2,1.05,0.61,NULL,0.34,1.99,2009-07-21,2009
""NASCAR 2005: Chase for the Cup"",Racing,""EA Sports"",NULL,1.13,0.66,NULL,0.2,1.98,2004-08-31,2004
""Thief"",Action,""Square Enix"",NULL,0.78,0.89,0.06,0.25,1.98,2014-02-25,2014
""E.T.: The Extra Terrestrial"",Action,""Atari"",NULL,1.84,0.11,NULL,0.02,1.97,1982-01-01,1982
""Hot Shots Golf: Open Tee"",Sports,""Sony Computer Entertainment"",8.4,0.5,0.5,0.63,0.33,1.96,2005-05-03,2005
""NBA Live 2000"",Sports,""EA Sports"",NULL,1.85,0.07,NULL,0.03,1.96,1999-10-31,1999
""Borderlands: The Handsome Collection"",Shooter,""2K Games"",NULL,1.18,0.47,0.03,0.29,1.96,2015-03-24,2015
""My Word Coach"",Misc,""Ubisoft"",NULL,0.83,0.91,NULL,0.22,1.95,2007-11-06,2007
""Brink"",Shooter,""Bethesda Softworks"",7,0.94,0.76,0.02,0.24,1.95,2011-05-10,2011
""Skylanders Imaginators"",Platform,""Activision"",6.9,0.88,0.83,NULL,0.22,1.95,2016-10-16,2016
""Scooby Doo and the Cyber Chase"",Adventure,""THQ"",NULL,0.59,1.23,NULL,0.13,1.94,2001-10-04,2001
""Forza Horizon"",Racing,""Microsoft Studios"",NULL,0.82,0.94,0.04,0.16,1.94,2012-10-23,2012
""Destiny"",Misc,""Activision"",NULL,1.32,0.44,NULL,0.19,1.94,2014-09-09,2014
""Jet Moto 2"",Racing,""Sony Computer Entertainment"",NULL,1.41,0.42,0.03,0.07,1.94,1997-10-31,1997
""NBA Jam"",Sports,""Acclaim Entertainment"",NULL,1.49,0.35,NULL,0.08,1.94,1994-01-01,1994
""DiRT"",Racing,""Codemasters"",8.4,0.54,1.08,NULL,0.32,1.94,2007-06-19,2007
""Ultimate Spider-Man"",Action,""Activision"",NULL,1.52,0.28,NULL,0.15,1.94,2005-09-19,2005
""Virtua Fighter 2"",Fighting,""Sega"",8.1,0.34,0.26,1.3,0.03,1.93,1996-01-01,1996
""Mortal Kombat II"",Fighting,""Acclaim Entertainment"",NULL,1.48,0.39,NULL,0.06,1.93,1994-01-01,1994
""State of Emergency"",Action,""Rockstar Games"",8,0.99,0.71,NULL,0.23,1.93,2002-02-12,2002
""Skate 2"",Sports,""Electronic Arts"",8.2,1.28,0.42,0.02,0.21,1.93,2009-01-21,2009
""Shark Tale"",Action,""Activision"",NULL,1.24,0.57,NULL,0.13,1.93,2004-09-27,2004
""The Sims: Makin' Magic"",Simulation,""Electronic Arts"",NULL,1.03,0.8,NULL,0.09,1.92,2003-10-28,2003
""The Legend of Zelda: Oracle of Ages"",Adventure,""Nintendo"",9.4,0.92,0.53,0.41,0.06,1.92,2001-05-13,2001
""Red Faction"",Shooter,""THQ"",7.5,0.76,0.96,NULL,0.2,1.92,2001-05-21,2001
""EA Sports UFC 2"",Sports,""EA Sports"",NULL,0.8,0.84,NULL,0.27,1.92,2016-03-15,2016
""DiRT 3"",Racing,""Codemasters"",9,0.5,1.11,0.02,0.29,1.92,2011-05-24,2011
""NASCAR Thunder 2002"",Racing,""EA Sports"",NULL,1.05,0.67,NULL,0.19,1.91,2001-10-02,2001
""Fight Night Champion"",Fighting,""EA Sports"",8.4,0.85,0.81,NULL,0.25,1.91,2011-03-01,2011
""Sleeping Dogs"",Action-Adventure,""Square Enix"",8.2,0.69,0.9,0.06,0.25,1.91,2012-08-14,2012
""Brutal Legend"",Action,""Electronic Arts"",8.2,1.16,0.53,NULL,0.22,1.91,2009-10-13,2009
""Operation Flashpoint: Dragon Rising"",Shooter,""Codemasters"",7.4,0.62,0.94,0.07,0.28,1.91,2009-10-06,2009
""The Lord of the Rings: War in the North"",Role-Playing,""Warner Bros. Interactive"",6.5,0.87,0.78,0.01,0.23,1.91,2011-11-01,2011
""Star Wars Rogue Leader: Rogue Squadron II"",Simulation,""LucasArts"",9.2,1.03,0.75,0.03,0.09,1.9,2001-11-09,2001
""Toy Story Mania!"",Misc,""Disney Interactive Studios"",NULL,1.04,0.66,NULL,0.19,1.89,2009-09-15,2009
""Minecraft"",Sandbox,""Mojang"",9.2,0.69,0.56,0.52,0.12,1.89,2011-11-18,2011
""Skylanders SWAP Force"",Misc,""Activision"",NULL,0.94,0.67,NULL,0.29,1.89,2013-10-13,2013
""Tiger Woods PGA Tour 11"",Sports,""EA Sports"",8.1,0.88,0.79,NULL,0.23,1.89,2010-06-08,2010
""Juiced 2: Hot Import Nights"",Racing,""THQ"",NULL,0.87,0.74,0.02,0.27,1.89,2007-09-17,2007
""Harry Potter and the Deathly Hallows - Part 1"",Action,""Electronic Arts"",NULL,0.83,0.87,NULL,0.21,1.89,2010-11-09,2010
""Hot Shots Golf 2"",Sports,""Sony Computer Entertainment"",NULL,0.25,0.12,1.48,0.03,1.88,2000-02-29,2000
""Game Party 2"",Misc,""Midway Games"",NULL,1.28,0.44,NULL,0.17,1.88,2008-10-06,2008
""Medal of Honor: European Assault (All Region sales)"",Shooter,""Electronic Arts"",NULL,0.89,0.69,0.09,0.21,1.88,2005-06-07,2005
""Sly 2: Band of Thieves"",Platform,""Sony Computer Entertainment"",NULL,0.88,0.74,NULL,0.25,1.88,2004-09-14,2004
""Persona 5"",Role-Playing,""Atlus"",NULL,0.69,0.36,0.62,0.22,1.88,2017-04-04,2017
""Harry Potter: Quidditch World Cup"",Sports,""Electronic Arts"",6.1,1.17,0.56,NULL,0.14,1.88,2003-10-28,2003
""Bolt"",Adventure,""Disney Interactive Studios"",NULL,0.93,0.64,NULL,0.32,1.88,2008-11-18,2008
""FIFA 2000"",Sports,""EA Sports"",8.8,0.22,1.47,0.04,0.14,1.87,1999-10-09,1999
""inFAMOUS 2"",Action,""Sony Computer Entertainment"",8.1,1.05,0.48,0.08,0.26,1.87,2011-06-07,2011
""Castlevania"",Platform,""Konami"",7.6,0.98,0.16,0.66,0.06,1.87,1987-05-01,1987
""NCAA Football 08"",Sports,""Electronic Arts"",NULL,1.65,0.03,NULL,0.19,1.87,2007-07-17,2007
""The Legend of Dragoon"",Role-Playing,""Sony Computer Entertainment"",7.8,0.94,0.44,0.39,0.1,1.86,2000-06-11,2000
""Sonic Classic Collection"",Platform,""Sega"",7.5,0.94,0.74,NULL,0.18,1.86,2010-03-02,2010
""The Legend of Zelda: Oracle of Seasons"",Adventure,""Nintendo"",9.3,0.87,0.52,0.41,0.06,1.86,2001-05-13,2001
""The Evil Within"",Action,""Bethesda Softworks"",7.7,0.56,0.9,0.11,0.28,1.86,2014-10-14,2014
""Scarface: The World is Yours"",Adventure,""Sierra Entertainment"",NULL,1.49,0.18,NULL,0.19,1.86,2006-10-08,2006
""Tiger Woods PGA Tour 12: The Masters"",Sports,""EA Sports"",NULL,1.12,0.53,NULL,0.19,1.86,2011-03-29,2011
""NHL 15"",Sports,""EA Sports"",NULL,1.21,0.39,NULL,0.27,1.86,2014-09-09,2014
""Phineas and Ferb"",Action,""Disney Interactive Studios"",NULL,1.33,0.37,NULL,0.15,1.85,2009-02-03,2009
""Jak 3"",Platform,""Sony Computer Entertainment"",NULL,1.33,0.49,NULL,0.03,1.85,2004-11-09,2004
""South Park"",Shooter,""Acclaim Entertainment"",4,1.29,0.5,NULL,0.07,1.85,1998-12-12,1998
""Resident Evil: Revelations"",Action,""Capcom"",7.5,0.52,0.61,0.56,0.16,1.85,2012-02-07,2012
""Top Spin 3"",Sports,""2K Sports"",8,0.43,1.16,0,0.27,1.85,2008-06-23,2008
""Forza Horizon 4"",Racing,""Microsoft Studios"",9.6,0.74,0.95,0.01,0.15,1.84,2018-10-02,2018
""High School Musical 3: Senior Year DANCE!"",Misc,""Disney Interactive Studios"",NULL,1.03,0.62,0,0.19,1.84,2008-10-21,2008
""Sniper Elite V2"",Shooter,""505 Games"",7.1,0.84,0.7,0.08,0.23,1.84,2012-05-01,2012
""2 Games in 1: Sonic Advance & ChuChu Rocket!"",Misc,""THQ"",NULL,1.31,0.49,NULL,0.03,1.83,2005-11-11,2005
""Jet Moto"",Racing,""Sony Computer Entertainment"",NULL,1.33,0.4,0.03,0.07,1.83,1996-10-31,1996
""Petz: Catz 2"",Simulation,""Ubisoft"",NULL,1.09,0.55,NULL,0.19,1.83,2007-11-14,2007
""NCAA Football 12"",Sports,""EA Sports"",7.8,1.72,NULL,NULL,0.12,1.83,2011-07-12,2011
""Brothers In Arms: Hell's Highway"",Shooter,""Ubisoft"",6.5,0.92,0.66,0,0.24,1.83,2008-09-23,2008
""Crysis 3"",Shooter,""Electronic Arts"",7.8,0.77,0.8,0.04,0.22,1.83,2013-02-19,2013
""Marvel Nemesis: Rise of the Imperfects"",Fighting,""Electronic Arts"",6.4,1.52,0.16,NULL,0.15,1.83,2005-09-20,2005
""Sonic & Knuckles"",Platform,""Sega"",9,1.24,0.43,0.03,0.12,1.82,1994-10-17,1994
""Dragon Quest XI"",Role-Playing,""Square Enix"",NULL,NULL,NULL,1.82,NULL,1.82,2017-07-29,2017
""The Sims: Hot Date"",Simulation,""Electronic Arts"",NULL,1.81,0,NULL,NULL,1.82,2001-11-21,2001
""Project CARS"",Racing,""Bandai Namco Games"",NULL,0.5,1.04,0.04,0.24,1.82,2014-04-01,2014
""Crazy Taxi"",Racing,""Sega"",7.1,1.1,0.51,0.12,0.08,1.81,2000-01-24,2000
""DDRMAX2: Dance Dance Revolution"",Simulation,""Konami"",NULL,1.05,0.59,NULL,0.18,1.81,2003-09-23,2003
""Sniper Elite III"",Shooter,""505 Games"",NULL,0.82,0.75,NULL,0.24,1.81,2014-07-01,2014
""NFL GameDay 2000"",Sports,""989 Studios"",NULL,1,0.68,NULL,0.12,1.8,1999-07-31,1999
""Sonic Advance 2"",Platform,""Sega"",NULL,0.93,0.59,0.21,0.07,1.8,2003-03-09,2003
""NASCAR Thunder 2003"",Racing,""EA Sports"",8.8,1.04,0.58,NULL,0.18,1.8,2002-09-19,2002
""Pro Evolution Soccer 2014"",Sports,""Konami Digital Entertainment"",8.2,0.11,0.74,0.84,0.12,1.8,2013-09-20,2013
""Tom Clancy's EndWar"",Strategy,""Ubisoft"",7.4,1.09,0.5,0.02,0.22,1.8,2008-11-04,2008
""Darksiders II"",Action-Adventure,""THQ"",8.2,0.87,0.71,0.01,0.21,1.8,2012-08-14,2012
""Ben 10 Alien Force: Vilgax Attacks"",Action,""D3 Publisher"",NULL,0.82,0.62,NULL,0.36,1.8,2009-10-26,2009
""The Lion King"",Platform,""Virgin Interactive"",NULL,1.26,0.39,0.08,0.06,1.79,1994-01-01,1994
""Rayman Raving Rabbids"",Misc,""Ubisoft"",7,1.53,0.1,0.02,0.14,1.79,2006-11-14,2006
""NBA 2K7"",Sports,""2K Sports"",8.3,1.52,0.07,NULL,0.19,1.79,2006-09-25,2006
""The Getaway: Black Monday"",Action,""Sony Computer Entertainment"",NULL,0.39,1.01,0.02,0.36,1.78,2005-01-11,2005
""TimeSplitters 2"",Shooter,""Eidos Interactive"",9.1,0.97,0.69,NULL,0.11,1.78,2002-10-09,2002
""The Legend of Spyro: Dawn of the Dragon"",Platform,""Vivendi Games"",NULL,0.95,0.64,NULL,0.2,1.78,2008-10-21,2008
""Castlevania: Lords of Shadow"",Action,""Konami"",8,0.92,0.54,0.11,0.2,1.77,2010-10-05,2010
""Payday 2"",Shooter,""505 Games"",5.8,0.95,0.58,NULL,0.22,1.77,2013-08-13,2013
""Angry Birds: Star Wars"",Puzzle,""Activision"",NULL,0.86,0.72,NULL,0.21,1.77,2013-10-29,2013
""Star Wars: Starfighter"",Simulation,""LucasArts"",NULL,0.61,0.87,0.02,0.26,1.76,2001-02-19,2001
""2 Games in 1 Double Pack: The Incredibles / Finding Nemo: The Continuing Adventures"",Action,""THQ"",NULL,1.26,0.47,NULL,0.03,1.76,2007-02-27,2007
""Sonic the Hedgehog 3"",Platform,""Sega"",NULL,1.02,0.47,0.2,0.07,1.76,1994-01-23,1994
""Test Drive"",Racing,""Atari"",NULL,1.3,0.26,0.01,0.2,1.76,2002-05-27,2002
""Final Fantasy X / X-2 HD Remaster"",Role-Playing,""Square Enix"",8.9,0.5,0.65,0.35,0.27,1.76,2014-03-18,2014
""Disney's Chicken Little"",Platform,""Buena Vista"",7,1.13,0.51,NULL,0.1,1.76,2005-10-18,2005
""The Chronicles of Narnia: The Lion, The Witch and The Wardrobe"",Adventure,""Buena Vista"",6.8,1.36,0.3,NULL,0.1,1.76,2005-11-14,2005
""Pro Evolution Soccer"",Sports,""Konami"",NULL,0.06,0.9,0.53,0.27,1.75,2001-11-24,2001
""2 Games in 1: Disney Princess & The Lion King"",Misc,""THQ"",NULL,1.25,0.46,NULL,0.03,1.75,2004-12-01,2004
""Dance Dance Revolution X"",Simulation,""Konami"",NULL,0.85,0.66,0.01,0.22,1.75,2008-09-12,2008
""Star Wars Episode I: The Phantom Menace"",Adventure,""LucasArts"",NULL,0.72,0.89,0.04,0.1,1.74,1999-04-30,1999
""Lost Planet 2"",Shooter,""Capcom"",6.6,0.67,0.6,0.28,0.18,1.74,2010-05-11,2010
""Brunswick Pro Bowling"",Sports,""Crave Entertainment"",6.5,1.33,0.25,NULL,0.16,1.74,2007-08-21,2007
""Crash Bandicoot: The Huge Adventure"",Platform,""Vivendi Games"",8.3,0.95,0.7,NULL,0.08,1.73,2002-02-25,2002
""Twisted Metal III"",Action,""989 Studios"",4.4,1.48,0.2,NULL,0.05,1.73,1998-10-31,1998
""World Championship Poker: Featuring Howard Lederer - All In"",Misc,""Crave Entertainment"",NULL,0.86,0.64,NULL,0.22,1.73,2006-08-29,2006
""The Lord of the Rings: The Fellowship of the Ring"",Action,""Black Label Games"",NULL,0.9,0.65,NULL,0.18,1.73,2002-09-26,2002
""Call of Duty: World at War Final Fronts"",Shooter,""Activision"",6.8,0.61,0.18,NULL,0.94,1.72,2008-11-10,2008
""Game Party 3"",Puzzle,""Warner Bros. Interactive"",NULL,1.43,0.16,NULL,0.13,1.72,2009-10-06,2009
""Deal or No Deal"",Misc,""Destination Software, Inc"",NULL,1.16,0.4,NULL,0.16,1.72,2007-07-23,2007
""Bulletstorm"",Shooter,""Electronic Arts"",8.5,0.92,0.6,0.02,0.19,1.72,2011-02-22,2011
""Kingdoms of Amalur: Reckoning"",Role-Playing,""Electronic Arts"",NULL,0.92,0.53,0.1,0.17,1.72,2012-02-07,2012
""Borderlands: The Pre-Sequel"",Misc,""2K Games"",NULL,0.9,0.56,0.06,0.2,1.72,2014-10-14,2014
""Imagine: Teacher"",Simulation,""Ubisoft"",NULL,0.7,0.83,NULL,0.19,1.71,2008-08-12,2008
""Call of Duty Black Ops: Declassified"",Shooter,""Activision"",3.2,0.74,0.52,0.07,0.38,1.71,2012-11-13,2012
""Triple Play 2000"",Sports,""EA Sports"",NULL,1.06,0.55,NULL,0.09,1.71,1999-02-28,1999
""Iron Man 2"",Action,""Sega"",5.1,0.76,0.73,NULL,0.24,1.71,2010-05-04,2010
""Super Puyo Puyo"",Puzzle,""Banpresto"",NULL,NULL,NULL,1.69,0.01,1.7,1993-12-10,1993
""Mad Max (2013)"",Action,""Warner Bros. Interactive Entertainment"",NULL,0.67,0.75,0.05,0.24,1.7,2015-09-01,2015
""Pro Evolution Soccer 2015"",Sports,""Konami Digital Entertainment"",NULL,0.28,0.89,0.35,0.18,1.7,2014-11-11,2014
""LEGO City Undercover"",Platform,""Warner Bros. Interactive Entertainment"",8,0.55,0.91,0.04,0.2,1.7,2017-04-04,2017
""The Sims 3: Late Night Expansion Pack"",Simulation,""Electronic Arts"",7.5,0.59,0.88,NULL,0.22,1.69,2010-10-26,2010
""Cooking Mama 3: Shop & Chop"",Simulation,""505 Games"",NULL,0.79,0.66,0.08,0.17,1.69,2009-10-20,2009
""Tomodachi Collection: New Life"",Simulation,""Nintendo"",NULL,NULL,NULL,1.69,NULL,1.69,2013-04-13,2013
""SOCOM 3: U.S. Navy SEALs"",Shooter,""Sony Computer Entertainment"",NULL,1.22,0.34,0.04,0.1,1.69,2005-10-11,2005
""Jampack Winter '99"",Misc,""Sony Computer Entertainment"",NULL,0.94,0.64,NULL,0.11,1.69,1999-10-01,1999
""WCW vs. nWo: World Tour"",Fighting,""THQ"",NULL,1.37,0.28,0.03,0.02,1.69,1997-11-16,1997
""Dragon Ball Z: The Legacy of Goku"",Role-Playing,""Infogrames"",6.5,1.52,0.12,NULL,0.05,1.69,2002-05-14,2002
""NBA Live 99"",Sports,""EA Sports"",8.3,1.58,0.07,NULL,0.03,1.69,1998-10-31,1998
""Star Wars Battlefront: Renegade Squadron"",Shooter,""LucasArts"",7.5,0.9,0.47,NULL,0.32,1.68,2007-10-09,2007
""Time Crisis"",Shooter,""Namco"",8.5,0.38,0.87,0.33,0.1,1.68,1997-10-31,1997
""The Sims: Superstar"",Simulation,""Electronic Arts"",NULL,1.67,0,NULL,NULL,1.68,2003-05-12,2003
""Evolve"",Shooter,""2K Games"",NULL,0.78,0.61,0.05,0.22,1.68,2015-02-10,2015
""Prototype 2"",Action,""Activision"",NULL,0.95,0.55,NULL,0.18,1.68,2012-04-24,2012
""NBA Live 06"",Sports,""EA Sports"",7.3,1.48,0.11,NULL,0.09,1.68,2005-09-26,2005
""SpongeBob SquarePants Featuring Nicktoons: Globs of Doom"",Action,""THQ"",NULL,1.3,0.22,NULL,0.15,1.68,2008-10-20,2008
""NCAA Football 2004"",Sports,""Electronic Arts"",8.1,1.35,0.09,NULL,0.23,1.67,2003-07-16,2003
""PGR: Project Gotham Racing 2"",Racing,""Microsoft Game Studios"",8.9,0.97,0.59,0.04,0.07,1.67,2003-11-17,2003
""Monsters, Inc."",Adventure,""THQ"",NULL,0.59,0.95,0.03,0.1,1.67,2001-10-25,2001
""Hannah Montana: Spotlight World Tour"",Action,""Disney Interactive Studios"",NULL,0.99,0.4,NULL,0.27,1.67,2007-11-06,2007
""Black"",Shooter,""Electronic Arts"",7.7,1.32,0.13,0.03,0.17,1.67,2006-02-28,2006
""ModNation Racers"",Racing,""Sony Computer Entertainment"",7.8,0.61,0.67,0.08,0.3,1.67,2010-05-25,2010
""NFL Blitz 2000"",Sports,""Midway Games"",8.7,1.15,0.43,NULL,0.07,1.67,1999-08-17,1999
""Ready 2 Rumble Boxing"",Sports,""Midway Games"",7.4,1.07,0.52,NULL,0.08,1.67,1999-09-08,1999
""NBA Street V3"",Sports,""EA Sports BIG"",NULL,1.03,0.5,NULL,0.16,1.67,2005-02-08,2005
""Shaun White Snowboarding: Road Trip"",Sports,""Ubisoft"",7.8,0.93,0.56,NULL,0.16,1.66,2008-11-16,2008
""SSX"",Sports,""EA Sports BIG"",NULL,0.78,0.61,0.06,0.2,1.66,2000-10-30,2000
""Disney Tangled"",Action,""Disney Interactive Studios"",NULL,0.99,0.54,NULL,0.14,1.66,2010-11-23,2010
""Fortnite"",Action,""Gearbox Software"",NULL,1.02,0.41,NULL,0.23,1.66,2017-07-21,2017
""Major League Baseball 2K7"",Sports,""2K Sports"",6.3,1.27,0.23,NULL,0.17,1.66,2007-02-26,2007
""Star Wars The Clone Wars: Lightsaber Duels"",Action,""LucasArts"",NULL,1.21,0.3,NULL,0.14,1.65,2008-11-11,2008
""Ms. Pac-Man"",Puzzle,""Atari"",NULL,1.54,0.1,NULL,0.02,1.65,1982-01-01,1982
""Red Faction II"",Shooter,""THQ"",8,0.61,0.82,NULL,0.23,1.65,2002-10-15,2002
""SpongeBob SquarePants: Lights, Camera, Pants!"",Misc,""THQ"",NULL,1.27,0.3,NULL,0.09,1.65,2005-10-19,2005
""NBA Live 06 (All region sales)"",Sports,""EA Sports"",NULL,1.44,0.15,NULL,0.05,1.64,2005-09-26,2005
""Dig Dug"",Puzzle,""Atari"",NULL,1.52,0.1,NULL,0.02,1.64,1983-01-01,1983
""Fight Night Round 2"",Fighting,""EA Sports"",NULL,1.27,0.22,NULL,0.14,1.64,2005-02-28,2005
""Red Faction: Guerrilla"",Shooter,""THQ"",8.4,0.81,0.59,0.03,0.21,1.64,2009-06-02,2009
""Ape Escape"",Platform,""Sony Computer Entertainment"",9.3,0.71,0.48,0.32,0.11,1.63,1999-05-31,1999
""World Championship Poker"",Misc,""Crave Entertainment"",NULL,1.29,0.19,NULL,0.15,1.63,2004-11-03,2004
""SSX"",Sports,""EA Sports"",NULL,0.73,0.68,0.02,0.19,1.63,2012-02-28,2012
""Uncharted: Golden Abyss"",Action,""Sony Computer Entertainment"",7.9,0.53,0.71,0.13,0.25,1.62,2012-02-15,2012
""The Order: 1886"",Shooter,""Sony Computer Entertainment"",6.2,0.44,0.86,0.07,0.25,1.62,2015-02-20,2015
""Sled Storm"",Racing,""Electronic Arts"",NULL,0.9,0.61,NULL,0.11,1.62,1999-08-10,1999
""Tony Hawk's American Wasteland (Old all region sales)"",Sports,""Activision"",NULL,0.8,0.63,0.01,0.19,1.62,2005-10-18,2005
""Kinectimals"",Simulation,""Microsoft Game Studios"",7.5,1.02,0.46,0,0.14,1.62,2010-11-04,2010
""EA Playground"",Sports,""Electronic Arts"",NULL,0.97,0.48,NULL,0.16,1.62,2007-10-22,2007
""Ty the Tasmanian Tiger"",Platform,""Electronic Arts"",6.8,0.92,0.54,NULL,0.17,1.62,2002-09-10,2002
""Bully: Scholarship Edition"",Action,""Rockstar Games"",7.7,0.7,0.72,0.03,0.17,1.62,2008-03-04,2008
""X-Men Legends II: Rise of Apocalypse"",Role-Playing,""Activision"",8.3,1.28,0.2,NULL,0.14,1.62,2005-09-20,2005
""Buzz! The Music Quiz"",Misc,""Sony Computer Entertainment"",NULL,NULL,1.18,NULL,0.43,1.61,2005-10-21,2005
""Midnight Club 3: DUB Edition (America/Others Sales)"",Racing,""Rockstar Games"",NULL,1.3,0.23,NULL,0.07,1.6,2005-04-11,2005
""River Raid"",Shooter,""Activision"",NULL,1.49,0.09,NULL,0.02,1.6,1982-01-01,1982
""Power Rangers: Dino Thunder"",Action,""THQ"",5.3,1.01,0.48,NULL,0.11,1.6,2004-09-14,2004
""GoldenEye: Rogue Agent"",Shooter,""Electronic Arts"",5.9,1.26,0.22,NULL,0.13,1.6,2004-11-22,2004
""Deadpool"",Action,""Activision"",NULL,0.92,0.46,NULL,0.22,1.6,2013-06-25,2013
""Mario Bros."",Platform,""Atari"",NULL,1.48,0.09,NULL,0.02,1.59,1983-10-01,1983
""Soul Blade"",Fighting,""Namco"",8.6,0.61,0.41,0.46,0.1,1.59,1997-01-01,1997
""Stuntman"",Racing,""Atari"",NULL,0.79,0.6,NULL,0.2,1.59,2002-06-23,2002
""Sega Genesis Collection"",Misc,""Sega"",8.3,0.53,0.6,NULL,0.46,1.59,2006-11-07,2006
""NHL 2002"",Sports,""EA Sports"",NULL,0.88,0.55,NULL,0.16,1.59,2001-09-17,2001
""Plants vs. Zombies"",Strategy,""PopCap Games"",8.7,1.32,0.13,NULL,0.14,1.59,2009-05-05,2009
""EA Sports UFC"",Fighting,""Electronic Arts"",NULL,0.79,0.56,0.01,0.22,1.59,2014-06-17,2014
""NHL 2001"",Sports,""EA Sports"",NULL,0.82,0.61,NULL,0.16,1.59,2000-09-26,2000
""Duke Nukem Forever"",Shooter,""2K Games"",4.4,0.85,0.56,NULL,0.18,1.59,2011-06-14,2011
""Sonic Forces"",Platform,""Sega"",5.4,0.69,0.69,0.02,0.18,1.59,2017-11-07,2017
""Batman: Arkham Knight"",Action,""Warner Bros. Interactive Entertainment"",NULL,0.97,0.46,NULL,0.14,1.58,2015-06-23,2015
""Dance Dance Revolution: Hottest Party 2"",Simulation,""Konami"",NULL,0.94,0.48,0.01,0.15,1.58,2008-09-12,2008
""Spyro 2: Season of Flame"",Platform,""Vivendi Games"",NULL,0.85,0.65,NULL,0.08,1.58,2002-09-25,2002
""Jampack Summer 2K"",Misc,""Sony Computer Entertainment"",NULL,0.88,0.6,NULL,0.1,1.58,2000-05-15,2000
""Disney Princess: Enchanted Journey"",Adventure,""Disney Interactive Studios"",NULL,1.33,0.12,NULL,0.13,1.58,2007-10-16,2007
""Hulk"",Action,""Universal Interactive"",7.3,0.92,0.52,NULL,0.16,1.58,2003-05-27,2003
""Blitz: The League"",Sports,""Midway Games"",7.4,1.29,0.14,NULL,0.15,1.58,2005-10-17,2005
""Tomb Raider: Legend"",Action,""Eidos Interactive"",7.6,0.77,0.58,0.03,0.21,1.58,2006-04-11,2006
""High School Musical 3: Senior Year"",Misc,""Disney Interactive Studios"",NULL,0.63,0.76,NULL,0.18,1.57,2008-10-21,2008
""Moshi Monsters: Moshling Zoo"",Misc,""Activision"",NULL,0.38,0.98,NULL,0.21,1.57,2011-11-06,2011
""NCAA Football 2002"",Sports,""EA Sports"",NULL,0.77,0.6,NULL,0.2,1.57,2001-07-23,2001
""Guitar Hero: On Tour Decades"",Misc,""Activision"",NULL,0.84,0.57,NULL,0.16,1.57,2008-11-16,2008
""Medal of Honor Heroes 2"",Shooter,""Electronic Arts"",6.6,0.83,0.43,0.03,0.28,1.57,2007-11-13,2007
""Tom Clancy's Ghost Recon Advanced Warfighter 2"",Shooter,""Ubisoft"",7.2,0.69,0.59,0.02,0.27,1.57,2007-03-06,2007
""ATV Quad Power Racing 2"",Racing,""Acclaim Entertainment"",NULL,0.99,0.45,NULL,0.13,1.57,2003-01-21,2003
""Ready 2 Rumble Boxing: Round 2"",Fighting,""Midway Games"",6.5,0.88,0.56,NULL,0.13,1.57,2000-10-23,2000
""Guitar Hero: Smash Hits"",Misc,""Activision"",7.2,0.85,0.48,NULL,0.25,1.57,2009-06-16,2009
""FIFA World Cup Germany 2006"",Sports,""EA Sports"",7.5,1.07,0.37,0.01,0.1,1.57,2006-04-24,2006
""Carnival Games: Mini Golf"",Sports,""2K Play"",NULL,0.86,0.55,NULL,0.15,1.56,2008-10-20,2008
""Twisted Metal"",Action,""Sony Computer Entertainment"",7,1.32,0.19,NULL,0.05,1.56,1995-11-05,1995
""Smuggler's Run"",Racing,""Rockstar Games"",NULL,0.77,0.6,NULL,0.2,1.56,2000-10-25,2000
""Hannah Montana: Music Jam"",Action,""Disney Interactive Studios"",NULL,1.05,0.36,NULL,0.15,1.56,2007-10-16,2007
""Pro Evolution Soccer 2016"",Sports,""Konami Digital Entertainment"",NULL,0.37,0.7,0.3,0.17,1.56,2015-09-15,2015
""Spider-Man 2: Enter: Electro"",Action,""Activision"",NULL,0.57,0.87,0.02,0.09,1.55,2001-10-17,2001
""Guinness World Records: The Videogame"",Action,""Warner Bros. Interactive"",NULL,0.93,0.48,NULL,0.15,1.55,2008-11-11,2008
""Street Fighter X Tekken"",Fighting,""Capcom"",NULL,0.84,0.39,0.14,0.18,1.55,2012-03-06,2012
""Die Hard Trilogy"",Shooter,""Fox Interactive"",8.5,0.85,0.58,NULL,0.1,1.54,1996-01-01,1996
""Dark Cloud"",Role-Playing,""Sony Computer Entertainment"",8.2,0.83,0.44,0.08,0.19,1.54,2001-05-28,2001
""Go Vacation"",Misc,""Namco Bandai"",7,0.42,0.66,0.33,0.13,1.54,2011-10-11,2011
""Vigilante 8"",Racing,""Activision"",NULL,0.93,0.53,NULL,0.08,1.54,1998-05-31,1998
""NBA 2K2"",Sports,""Sega"",9.2,0.83,0.52,0.01,0.16,1.54,2001-10-24,2001
""Plants vs. Zombies: Garden Warfare 2"",Shooter,""Electronic Arts"",NULL,0.7,0.67,NULL,0.18,1.54,2016-02-23,2016
""Tak 2: The Staff of Dreams"",Platform,""THQ"",NULL,0.99,0.46,NULL,0.1,1.54,2004-10-11,2004
""Disney Sing It! High School Musical 3: Senior Year"",Misc,""Disney Interactive Studios"",NULL,0.58,0.51,NULL,0.45,1.54,2009-02-17,2009
""Over the Hedge"",Platform,""Activision"",6.7,1.22,0.19,NULL,0.1,1.54,2006-05-05,2006
""Tiger Woods 99 PGA Tour Golf"",Sports,""EA Sports"",NULL,0.85,0.58,NULL,0.1,1.53,1998-10-31,1998
""NFL GameDay 99"",Sports,""989 Studios"",NULL,1.44,0.05,NULL,0.04,1.53,1998-07-31,1998
""NBA 2K3"",Sports,""Sega"",NULL,0.87,0.5,NULL,0.14,1.53,2002-10-07,2002
""MLB 07: The Show"",Sports,""Sony Computer Entertainment"",8.1,1.32,0.03,NULL,0.18,1.53,2007-02-26,2007
""The Godfather II"",Adventure,""Electronic Arts"",6.3,0.88,0.44,0.02,0.18,1.53,2009-04-07,2009
""Super Monkey Ball 2"",Puzzle,""Sega"",NULL,1.11,0.31,0.06,0.04,1.52,2002-08-25,2002
""Knockout Kings"",Fighting,""EA Sports"",NULL,1.07,0.39,NULL,0.06,1.52,1998-10-31,1998
""Sonic Rivals 2"",Racing,""Sega"",6.4,0.44,0.7,NULL,0.37,1.52,2007-11-13,2007
""NASCAR 98"",Racing,""EA Sports"",NULL,1.43,0.05,NULL,0.04,1.52,1997-01-01,1997
""Forza Motorsport 7"",Racing,""Microsoft Studios"",8.5,0.58,0.81,0.01,0.12,1.52,2017-10-03,2017
""Disney Fairies: Tinker Bell"",Adventure,""Disney Interactive Studios"",NULL,0.85,0.51,0.01,0.15,1.52,2008-10-28,2008
""Xevious"",Shooter,""Namco"",NULL,0.18,0.06,1.27,0.01,1.52,1990-01-01,1990
""The Simpsons Skateboarding"",Sports,""Electronic Arts"",NULL,0.36,0.9,NULL,0.27,1.52,2002-11-11,2002
""Cabela's Dangerous Hunts"",Sports,""Activision"",NULL,0.83,0.53,NULL,0.16,1.52,2003-11-11,2003
""Call of Duty: Modern Warfare: Reflex Edition"",Shooter,""Activision"",7.2,0.94,0.43,NULL,0.14,1.51,2009-11-10,2009
""Pac-Man World 2"",Action,""Namco"",NULL,1.26,0.05,NULL,0.21,1.51,2002-02-24,2002
""NBA Live 98"",Sports,""EA Sports"",NULL,1.41,0.06,NULL,0.04,1.51,1997-10-31,1997
""Simpsons Wrestling"",Fighting,""Activision"",NULL,0.23,1.16,NULL,0.11,1.51,2001-04-12,2001
""Call of Juarez: Bound in Blood"",Shooter,""Ubisoft"",7.6,0.65,0.65,0.01,0.21,1.51,2009-06-30,2009
""NASCAR 2001"",Racing,""EA Sports"",NULL,0.79,0.58,NULL,0.14,1.51,2000-09-19,2000
""Kane & Lynch: Dead Men"",Shooter,""Eidos Interactive"",6.8,0.65,0.63,0.02,0.21,1.51,2007-11-13,2007
""Indiana Jones and the Staff of Kings"",Action,""LucasArts"",6.6,0.74,0.47,NULL,0.3,1.51,2009-06-09,2009
""Ninja Hattori Kun: Ninja wa Shuugyou Degogiru no Maki"",Platform,""Hudson Soft"",NULL,NULL,NULL,1.5,0,1.5,1986-03-05,1986
""Pac-Man World"",Action,""Namco"",NULL,1.21,0.14,0.1,0.04,1.5,1999-09-30,1999
""Tokyo Xtreme Racer Zero"",Racing,""Crave Entertainment"",NULL,0.66,0.52,0.15,0.17,1.5,2001-05-28,2001
""Football Manager 2012"",Sports,""Sega"",8.5,0.02,1.16,NULL,0.32,1.5,2011-10-21,2011
""WWF No Mercy"",Fighting,""THQ"",9.1,1.2,0.27,0.02,0.02,1.5,2000-11-17,2000
""Gauntlet: Dark Legacy"",Action,""Midway Games"",3.1,0.83,0.52,NULL,0.16,1.5,2001-05-01,2001
""F1 2012"",Racing,""Codemasters"",8.4,0.22,0.99,0.05,0.23,1.5,2012-09-18,2012
""The Lord of the Rings: Conquest"",Action,""Electronic Arts"",5.8,0.84,0.49,NULL,0.18,1.5,2009-01-13,2009
""Split/Second"",Racing,""Disney Interactive Studios"",8.4,0.72,0.59,0.01,0.2,1.5,2010-05-18,2010
""Test Drive Unlimited 2"",Racing,""Atari"",6.8,0.51,0.78,0.01,0.2,1.5,2011-02-08,2011
""Buzz! The BIG Quiz"",Misc,""Sony Computer Entertainment"",NULL,NULL,1.1,NULL,0.39,1.49,2006-03-17,2006
""Bratz: Forever Diamondz"",Adventure,""THQ"",NULL,0.44,0.88,NULL,0.18,1.49,2006-09-18,2006
""Darksiders"",Action,""THQ"",7.9,0.76,0.48,0.03,0.21,1.49,2010-01-05,2010
""Prey (2017)"",Shooter,""Bethesda Softworks"",NULL,0.46,0.82,0.02,0.2,1.49,2017-05-05,2017
""Steep"",Sports,""Ubisoft"",NULL,0.47,0.8,0.02,0.19,1.49,2016-12-02,2016
""PlayStation All-Stars Battle Royale"",Fighting,""Sony Computer Entertainment"",NULL,0.71,0.44,0.05,0.28,1.49,2012-11-20,2012
""Just Dance 2019"",Music,""Ubisoft"",NULL,0.88,0.46,NULL,0.16,1.49,2018-10-23,2018
""Hannah Montana: The Movie"",Adventure,""Disney Interactive Studios"",NULL,0.79,0.54,NULL,0.16,1.49,2009-04-07,2009
""Trivial Pursuit"",Misc,""Electronic Arts"",7.3,0.53,0.63,NULL,0.32,1.49,2009-03-10,2009
""Ben 10 Ultimate Alien: Cosmic Destruction"",Platform,""D3 Publisher"",NULL,0.84,0.47,NULL,0.2,1.49,2010-10-05,2010
""Assassin's Creed III: Liberation"",Adventure,""Ubisoft"",NULL,0.53,0.57,0.06,0.32,1.48,2012-10-30,2012
""LEGO Battles: Ninjago"",Strategy,""Warner Bros. Interactive"",5,1.03,0.33,NULL,0.12,1.48,2011-04-12,2011
""Drawn To Life: SpongeBob SquarePants Edition"",Adventure,""THQ"",NULL,0.99,0.35,NULL,0.14,1.48,2008-09-15,2008
""Xenoblade Chronicles"",Role-Playing,""Nintendo"",9,0.67,0.4,0.29,0.11,1.48,2012-04-06,2012
""Cars: Mater-National Championship"",Racing,""THQ"",NULL,1.25,0.1,NULL,0.12,1.48,2007-10-29,2007
""LEGO The Incredibles"",Action,""Warner Bros. Interactive Entertainment"",6.5,0.72,0.58,0.01,0.18,1.48,2018-06-15,2018
""Dying Light"",Action,""Warner Bros. Interactive Entertainment"",NULL,1.01,0.31,0.01,0.14,1.47,2015-01-27,2015
""Disney Princess"",Platform,""THQ"",NULL,1.04,0.37,NULL,0.06,1.47,2003-04-04,2003
""Minecraft"",Misc,""Mojang"",7.8,0.5,0.49,0.38,0.09,1.47,2010-05-10,2010
""Super Scribblenauts"",Puzzle,""Warner Bros. Interactive"",7.9,1.06,0.3,NULL,0.11,1.47,2010-10-12,2010
""Imagine: Master Chef"",Simulation,""Ubisoft"",NULL,0.39,0.91,NULL,0.17,1.47,2007-10-23,2007
""Manhunt"",Action,""Rockstar Games"",7.8,0.77,0.53,NULL,0.17,1.47,2003-11-18,2003
""Monster High: Ghoul Spirit"",Adventure,""THQ"",NULL,1.11,0.24,NULL,0.11,1.47,2011-10-25,2011
""NBA 2K6"",Action,""2K Sports"",8,0.91,0.43,NULL,0.14,1.47,2005-09-26,2005
""Dragon Ball: Raging Blast 2"",Fighting,""Namco Bandai"",6,0.92,0.28,0.12,0.15,1.47,2010-11-02,2010
""Monsters vs. Aliens"",Platform,""Activision"",6.5,0.92,0.32,NULL,0.22,1.47,2009-03-24,2009
""Farming Simulator 2015"",Simulation,""Focus Home Interactive"",NULL,0.63,0.65,NULL,0.2,1.47,2014-09-30,2014
""Spider-Man: Friend or Foe"",Action,""Activision"",5.5,1.3,0.02,NULL,0.13,1.46,2007-10-02,2007
""WCW vs the World"",Fighting,""THQ"",NULL,1.17,0.2,0.04,0.05,1.46,1997-02-28,1997
""The SpongeBob SquarePants Movie"",Action,""THQ"",NULL,1.02,0.38,NULL,0.06,1.46,2004-10-27,2004
""Triple Play 99"",Sports,""EA Sports"",NULL,0.81,0.55,NULL,0.1,1.46,1998-02-28,1998
""Super Monkey Ball"",Puzzle,""Sega"",7.4,0.95,0.37,0.1,0.04,1.46,2001-11-17,2001
""Donkey Kong"",Platform,""Coleco"",NULL,1.36,0.08,NULL,0.02,1.46,1981-07-09,1981
""Street Fighter V"",Fighting,""Capcom"",NULL,0.64,0.48,0.12,0.22,1.46,2016-02-16,2016
""NHL 99"",Sports,""EA Sports"",NULL,0.97,0.41,NULL,0.07,1.46,1998-09-30,1998
""WWE 2K19"",Fighting,""2K Sports"",NULL,0.66,0.6,NULL,0.2,1.46,2018-10-09,2018
""Beijing 2008"",Sports,""Sega"",NULL,0.29,0.93,0.01,0.23,1.46,2008-07-08,2008
""X-Men Origins: Wolverine - Uncaged Edition"",Action,""Activision"",7,0.75,0.52,NULL,0.18,1.46,2009-05-01,2009
""Area 51"",Shooter,""Midway Games"",7.7,0.84,0.5,NULL,0.12,1.46,1996-09-27,1996
""Tony Hawk's American Wasteland (Weekly american sales)"",Sports,""Activision"",NULL,1.38,0.05,NULL,0.02,1.45,2005-10-18,2005
""Game de Hakken!! Tamagotchi 2"",Simulation,""Bandai"",NULL,NULL,NULL,1.44,0.01,1.45,1997-10-17,1997
""The House of the Dead 2 & 3 Return"",Shooter,""Sega"",6.5,0.77,0.5,0.03,0.15,1.45,2008-03-11,2008
""Tamagotchi"",Simulation,""Bandai"",NULL,NULL,NULL,1.44,0.01,1.45,1997-06-26,1997
""Dragon Ball Z"",Fighting,""Bandai"",NULL,NULL,NULL,1.45,0,1.45,1994-01-01,1994
""Namco Museum 64"",Misc,""Namco"",NULL,1.24,0.17,0.03,0.01,1.45,1999-10-31,1999
""MLB 15: The Show"",Sports,""Sony Computer Entertainment America"",NULL,1.1,0.09,NULL,0.28,1.45,2015-03-31,2015
""MLB 08: The Show"",Sports,""Sony Computer Entertainment"",8.3,1.29,0.01,NULL,0.13,1.45,2008-03-04,2008
""IL-2 Sturmovik: Birds of Prey"",Simulation,""505 Games"",6.5,0.71,0.55,NULL,0.19,1.45,2009-09-08,2009
""SpongeBob's Truth or Square (US sales)"",Action,""THQ"",NULL,1.44,0.01,NULL,NULL,1.45,2009-10-26,2009
""The Incredible Hulk"",Action,""Sega"",5.6,1.26,0.06,NULL,0.13,1.45,2008-06-05,2008
""Sonic Rivals"",Racing,""Sega"",7,0.73,0.43,NULL,0.28,1.44,2006-11-16,2006
""Disney Princess: Magical Jewels"",Adventure,""Disney Interactive Studios"",NULL,1.12,0.2,NULL,0.12,1.44,2007-10-16,2007
""SingStar Pop"",Misc,""Sony Computer Entertainment"",NULL,0.04,1.08,NULL,0.32,1.44,2007-04-03,2007
""Colin McRae Rally 3"",Racing,""Codemasters"",NULL,0.06,1.06,0.02,0.3,1.44,2003-02-18,2003
""GoldenEye 007"",Shooter,""Activision"",6.8,0.84,0.6,0,NULL,1.44,2010-11-02,2010
""The Evil Within 2"",Action,""Bethesda Softworks"",NULL,0.56,0.59,0.09,0.19,1.44,2017-10-13,2017
""Mercenaries: Playground of Destruction"",Action,""LucasArts"",NULL,1.18,0.13,NULL,0.13,1.44,2005-01-10,2005
""Lemony Snicket's A Series of Unfortunate Events"",Platform,""Activision"",NULL,0.9,0.43,NULL,0.1,1.44,2004-11-10,2004
""Phineas and Ferb: Across the 2nd Dimension"",Action,""Disney Interactive Studios"",6.8,0.81,0.48,NULL,0.15,1.44,2011-08-02,2011
